2008,CVE-2008-4610,00bbe27631ddce543e00d5fbdee445c39fc84d7f,1,e278056fbad7405fc47901faea7de98db003a0fa,3,"d86053a41689e8a5ed897ef071c62ef3fcdc3655,67335dbce3a905551d43b9eeb49c737278f927c6,b78e7197a81e193827cf2408fe25bc1f14843a72",0,,1,e278056fbad7405fc47901faea7de98db003a0fa,3,"d86053a41689e8a5ed897ef071c62ef3fcdc3655,67335dbce3a905551d43b9eeb49c737278f927c6,b78e7197a81e193827cf2408fe25bc1f14843a72",0.00%
2008,CVE-2008-4867,4df7beb3686caf2df345d2e10564aa8cf6c24a65,1,01ca9ac3346ced92d6cb4d9fe06233a305424510,1,01ca9ac3346ced92d6cb4d9fe06233a305424510,1,01ca9ac3346ced92d6cb4d9fe06233a305424510,0,,0,,100.00%
2009,CVE-2009-0385,0838cfdc8a10185604db5cd9d6bffad71279a0e8,1,68e1794e3a6e30f9898e67701b0bb111c186b595,1,cef4ba9e8a62d0f2d2e8fe5c7b2772abd26b84c9,0,,1,68e1794e3a6e30f9898e67701b0bb111c186b595,1,cef4ba9e8a62d0f2d2e8fe5c7b2772abd26b84c9,0.00%
2010,CVE-2010-3908,445f0a8b666a34e6402f6ae96c6804c8bc024baa,1,0ecca7a49f8e254c12a3a1de048d738bfbb614c6,1,de6d9b6404bfd1c589799142da5a95428f146edd,0,,1,0ecca7a49f8e254c12a3a1de048d738bfbb614c6,1,de6d9b6404bfd1c589799142da5a95428f146edd,0.00%
2010,CVE-2010-4704,3dde66752d59dfdd0f3727efd66e7202b3c75078,1,07c55d8ea3f952cab2e53db374d28be5e85339ed,3,"07c55d8ea3f952cab2e53db374d28be5e85339ed,a7adcf29cf4674d45cbc885b1eda6c22657a224b,ba87f0801d77c21eb1e4891ca1f846500bbb0939",1,07c55d8ea3f952cab2e53db374d28be5e85339ed,0,,2,"a7adcf29cf4674d45cbc885b1eda6c22657a224b,ba87f0801d77c21eb1e4891ca1f846500bbb0939",100.00%
2011,CVE-2011-0480,13184036a6b1b1d4b61c91118c0896e9ad4634c3,1,07c55d8ea3f952cab2e53db374d28be5e85339ed,1,07c55d8ea3f952cab2e53db374d28be5e85339ed,1,07c55d8ea3f952cab2e53db374d28be5e85339ed,0,,0,,100.00%
2011,CVE-2011-0722,ec10d2d53999f6edf7d7b5ac88df263eccfb1fb0,1,a52ef6a894ede214162cd9e95685daa5e656e2f7,1,a52ef6a894ede214162cd9e95685daa5e656e2f7,1,a52ef6a894ede214162cd9e95685daa5e656e2f7,0,,0,,100.00%
2011,CVE-2011-0722,d90aeeaf569e4a08c30b3d1d09c3cff3a86eb431,1,ec10d2d53999f6edf7d7b5ac88df263eccfb1fb0,1,a52ef6a894ede214162cd9e95685daa5e656e2f7,0,,1,ec10d2d53999f6edf7d7b5ac88df263eccfb1fb0,1,a52ef6a894ede214162cd9e95685daa5e656e2f7,0.00%
2011,CVE-2011-0723,2bbec1eda46d907605772a8b6e8263caa4bc4c82,1,b761659befa6b8d3a238527b31df9ad7c80ce911,1,b761659befa6b8d3a238527b31df9ad7c80ce911,1,b761659befa6b8d3a238527b31df9ad7c80ce911,0,,0,,100.00%
2011,CVE-2011-2161,8312e3fc9041027a33c8bc667bb99740fdf41dd5,1,bf4a1f17ee9237b6efd4250cf894e274afc31a5f,0,,0,,1,bf4a1f17ee9237b6efd4250cf894e274afc31a5f,0,,
2011,CVE-2011-3362,4a71da0f3ab7f5542decd11c81994f849d5b2c78,1,844d9012a64db8c81c96a7efe337e682224aecf7,1,844d9012a64db8c81c96a7efe337e682224aecf7,1,844d9012a64db8c81c96a7efe337e682224aecf7,0,,0,,100.00%
2011,CVE-2011-3504,956c901c68eff78288f40e3c8f41ee2fa081d4a8,2,"737c40da20de07fd1b1ca99699f896c84b03f0ff,d5e34dcb727c0888924fafaa260f9524742a8813",3,"5968d2dd1e9a71537790f9bdea214679b7d56b8b,b061d892edd76bbdb8cf70b244c661f45185b76c,ff33c5c565106c657ca2b11e5a4c3ec9f509a1a0",0,,2,"737c40da20de07fd1b1ca99699f896c84b03f0ff,d5e34dcb727c0888924fafaa260f9524742a8813",3,"5968d2dd1e9a71537790f9bdea214679b7d56b8b,b061d892edd76bbdb8cf70b244c661f45185b76c,ff33c5c565106c657ca2b11e5a4c3ec9f509a1a0",0.00%
2011,CVE-2011-3892,8370e426e42f2e4b9d14a1fb8107ecfe5163ce7f,1,d23845f311f04e98777612cae1b55e28923ccdc6,4,"d86053a41689e8a5ed897ef071c62ef3fcdc3655,67335dbce3a905551d43b9eeb49c737278f927c6,2912e87a6c9264d556734e2bf94a99c64cf9b102,b78e7197a81e193827cf2408fe25bc1f14843a72",0,,1,d23845f311f04e98777612cae1b55e28923ccdc6,4,"d86053a41689e8a5ed897ef071c62ef3fcdc3655,67335dbce3a905551d43b9eeb49c737278f927c6,2912e87a6c9264d556734e2bf94a99c64cf9b102,b78e7197a81e193827cf2408fe25bc1f14843a72",0.00%
2011,CVE-2011-3893,afb2aa537954db537d54358997b68f46561fd5a7,1,07c55d8ea3f952cab2e53db374d28be5e85339ed,3,"07c55d8ea3f952cab2e53db374d28be5e85339ed,6168781f70ebac7da557207750d14f57c3cd4cb3,2912e87a6c9264d556734e2bf94a99c64cf9b102",1,07c55d8ea3f952cab2e53db374d28be5e85339ed,0,,2,"6168781f70ebac7da557207750d14f57c3cd4cb3,2912e87a6c9264d556734e2bf94a99c64cf9b102",100.00%
2011,CVE-2011-3893,57cd6d709565e84e84385f8f2a9641ca3fa718be,1,07c55d8ea3f952cab2e53db374d28be5e85339ed,4,"84a96d6a3d6addb15a07d83c1190dbf79dd6b485,6168781f70ebac7da557207750d14f57c3cd4cb3,2912e87a6c9264d556734e2bf94a99c64cf9b102,b78e7197a81e193827cf2408fe25bc1f14843a72",0,,1,07c55d8ea3f952cab2e53db374d28be5e85339ed,4,"84a96d6a3d6addb15a07d83c1190dbf79dd6b485,6168781f70ebac7da557207750d14f57c3cd4cb3,2912e87a6c9264d556734e2bf94a99c64cf9b102,b78e7197a81e193827cf2408fe25bc1f14843a72",0.00%
2011,CVE-2011-3893,faaec4676cb4c7a2303d50df66c6290bc96a7657,1,31ad14c21e0735387ba8082c6e3436241f7ccfc8,1,b061d892edd76bbdb8cf70b244c661f45185b76c,0,,1,31ad14c21e0735387ba8082c6e3436241f7ccfc8,1,b061d892edd76bbdb8cf70b244c661f45185b76c,0.00%
2011,CVE-2011-3893,6fcf2bb8af0e7d6bb179e71e67e5fab8ef0d2ec2,1,5e56b30e1febefd4eee7a0831ccbcb979cc11a2e,1,0bde73d907dbe684e01bafc979bf4a04ddeace1d,0,,1,5e56b30e1febefd4eee7a0831ccbcb979cc11a2e,1,0bde73d907dbe684e01bafc979bf4a04ddeace1d,0.00%
2011,CVE-2011-3893,7149fce2cac0474a5fbc5b47add1158cd8bb283e,2,"07c55d8ea3f952cab2e53db374d28be5e85339ed,5e56b30e1febefd4eee7a0831ccbcb979cc11a2e",2,"ba87f0801d77c21eb1e4891ca1f846500bbb0939,0bde73d907dbe684e01bafc979bf4a04ddeace1d",0,,2,"07c55d8ea3f952cab2e53db374d28be5e85339ed,5e56b30e1febefd4eee7a0831ccbcb979cc11a2e",2,"ba87f0801d77c21eb1e4891ca1f846500bbb0939,0bde73d907dbe684e01bafc979bf4a04ddeace1d",0.00%
2011,CVE-2011-3893,f35e037c93cf7d25e65b4a2ed3674358f05e4bed,1,31ad14c21e0735387ba8082c6e3436241f7ccfc8,1,b061d892edd76bbdb8cf70b244c661f45185b76c,0,,1,31ad14c21e0735387ba8082c6e3436241f7ccfc8,1,b061d892edd76bbdb8cf70b244c661f45185b76c,0.00%
2011,CVE-2011-3895,e6d527ff729e42d80e4756cab779ff4ad693631b,1,07c55d8ea3f952cab2e53db374d28be5e85339ed,1,6168781f70ebac7da557207750d14f57c3cd4cb3,0,,1,07c55d8ea3f952cab2e53db374d28be5e85339ed,1,6168781f70ebac7da557207750d14f57c3cd4cb3,0.00%
2011,CVE-2011-3895,ff7f198d7f9504f71676327be0be47661cfe39d6,1,f74ce3a60d6ef49080df85c44b54280357109f56,2,"07c55d8ea3f952cab2e53db374d28be5e85339ed,ba87f0801d77c21eb1e4891ca1f846500bbb0939",0,,1,f74ce3a60d6ef49080df85c44b54280357109f56,2,"07c55d8ea3f952cab2e53db374d28be5e85339ed,ba87f0801d77c21eb1e4891ca1f846500bbb0939",0.00%
2011,CVE-2011-3895,f74ce3a60d6ef49080df85c44b54280357109f56,1,07c55d8ea3f952cab2e53db374d28be5e85339ed,3,"07c55d8ea3f952cab2e53db374d28be5e85339ed,a7adcf29cf4674d45cbc885b1eda6c22657a224b,ba87f0801d77c21eb1e4891ca1f846500bbb0939",1,07c55d8ea3f952cab2e53db374d28be5e85339ed,0,,2,"a7adcf29cf4674d45cbc885b1eda6c22657a224b,ba87f0801d77c21eb1e4891ca1f846500bbb0939",100.00%
2011,CVE-2011-3929,2d1c0dea5f6b91bec7f5fa53ec050913d851e366,1,f8007a14734ff9fc8a4dd0d0194ab2c645f72578,3,"115329f16062074e11ccf3b89ead6176606c9696,064cf251553ea810d61fa29f72f2f9bd067d3cb7,7458ccbb02a98ece4b4a9018a46eb13fff05b7c2",0,,1,f8007a14734ff9fc8a4dd0d0194ab2c645f72578,3,"115329f16062074e11ccf3b89ead6176606c9696,064cf251553ea810d61fa29f72f2f9bd067d3cb7,7458ccbb02a98ece4b4a9018a46eb13fff05b7c2",0.00%
2011,CVE-2011-3929,5cb57a16ede71d913384a0b3036a2c6df5da5e43,1,f8007a14734ff9fc8a4dd0d0194ab2c645f72578,1,115329f16062074e11ccf3b89ead6176606c9696,0,,1,f8007a14734ff9fc8a4dd0d0194ab2c645f72578,1,115329f16062074e11ccf3b89ead6176606c9696,0.00%
2011,CVE-2011-3929,f9de136b17bc72ff02f39c6a53756d72bbc4bd15,1,0b297700b787a68323629e836b15852c3331b4a0,0,,0,,1,0b297700b787a68323629e836b15852c3331b4a0,0,,
2011,CVE-2011-3934,247d30a7dba6684ccce4508424f35fd58465e535,1,8370e426e42f2e4b9d14a1fb8107ecfe5163ce7f,1,d86053a41689e8a5ed897ef071c62ef3fcdc3655,0,,1,8370e426e42f2e4b9d14a1fb8107ecfe5163ce7f,1,d86053a41689e8a5ed897ef071c62ef3fcdc3655,0.00%
2011,CVE-2011-3935,668494acd8b20f974c7722895d4a6a14c1005f1e,1,484e59a0a0329c4005ddacd05051925345f4362f,0,,0,,1,484e59a0a0329c4005ddacd05051925345f4362f,0,,
2011,CVE-2011-3936,2d1c0dea5f6b91bec7f5fa53ec050913d851e366,1,f8007a14734ff9fc8a4dd0d0194ab2c645f72578,3,"115329f16062074e11ccf3b89ead6176606c9696,064cf251553ea810d61fa29f72f2f9bd067d3cb7,7458ccbb02a98ece4b4a9018a46eb13fff05b7c2",0,,1,f8007a14734ff9fc8a4dd0d0194ab2c645f72578,3,"115329f16062074e11ccf3b89ead6176606c9696,064cf251553ea810d61fa29f72f2f9bd067d3cb7,7458ccbb02a98ece4b4a9018a46eb13fff05b7c2",0.00%
2011,CVE-2011-3936,88d84dd8eacd4edfe29f12209f10733d631ca5ae,1,f8007a14734ff9fc8a4dd0d0194ab2c645f72578,3,"115329f16062074e11ccf3b89ead6176606c9696,064cf251553ea810d61fa29f72f2f9bd067d3cb7,7458ccbb02a98ece4b4a9018a46eb13fff05b7c2",0,,1,f8007a14734ff9fc8a4dd0d0194ab2c645f72578,3,"115329f16062074e11ccf3b89ead6176606c9696,064cf251553ea810d61fa29f72f2f9bd067d3cb7,7458ccbb02a98ece4b4a9018a46eb13fff05b7c2",0.00%
2011,CVE-2011-3936,f9de136b17bc72ff02f39c6a53756d72bbc4bd15,1,0b297700b787a68323629e836b15852c3331b4a0,0,,0,,1,0b297700b787a68323629e836b15852c3331b4a0,0,,
2011,CVE-2011-3936,635bcfccd439480003b74a665b5aa7c872c1ad6b,1,0b297700b787a68323629e836b15852c3331b4a0,0,,0,,1,0b297700b787a68323629e836b15852c3331b4a0,0,,
2011,CVE-2011-3937,71db86d53b5c6872cea31bf714a1a38ec78feaba,1,bcc7125e1d389e54b5772e766a2c354099544356,2,"983e3246b7528e6ffc0cc347d54b86e161140fe6,de6d9b6404bfd1c589799142da5a95428f146edd",0,,1,bcc7125e1d389e54b5772e766a2c354099544356,2,"983e3246b7528e6ffc0cc347d54b86e161140fe6,de6d9b6404bfd1c589799142da5a95428f146edd",0.00%
2011,CVE-2011-3937,59e95fa4a8844d2abe7ddd7b8d269ea8d8eea17d,1,bcc7125e1d389e54b5772e766a2c354099544356,2,"983e3246b7528e6ffc0cc347d54b86e161140fe6,de6d9b6404bfd1c589799142da5a95428f146edd",0,,1,bcc7125e1d389e54b5772e766a2c354099544356,2,"983e3246b7528e6ffc0cc347d54b86e161140fe6,de6d9b6404bfd1c589799142da5a95428f146edd",0.00%
2011,CVE-2011-3940,c898431ca5ef2a997fe9388b650f658fb60783e5,1,27d5f18f663a240a0a1d1833ea6eefa3463cf323,1,27d5f18f663a240a0a1d1833ea6eefa3463cf323,1,27d5f18f663a240a0a1d1833ea6eefa3463cf323,0,,0,,100.00%
2011,CVE-2011-3940,8fd8a48263ff1437f9d02d7e78dc63efb9b5ed3a,1,4fabb60ddbd71f3c40a3607eeabf0fdba449fd18,1,27d5f18f663a240a0a1d1833ea6eefa3463cf323,0,,1,4fabb60ddbd71f3c40a3607eeabf0fdba449fd18,1,27d5f18f663a240a0a1d1833ea6eefa3463cf323,0.00%
2011,CVE-2011-3940,6a89b41d9780325ba6d89a37f2aeb925aa68e6a3,1,27d5f18f663a240a0a1d1833ea6eefa3463cf323,3,"27d5f18f663a240a0a1d1833ea6eefa3463cf323,2912e87a6c9264d556734e2bf94a99c64cf9b102,7fbde3431a9e4ce5d14d608a615e45409fad6234",1,27d5f18f663a240a0a1d1833ea6eefa3463cf323,0,,2,"2912e87a6c9264d556734e2bf94a99c64cf9b102,7fbde3431a9e4ce5d14d608a615e45409fad6234",100.00%
2011,CVE-2011-3940,5c011706bc752d34bc6ada31d7df2ca0c9af7c6b,1,27d5f18f663a240a0a1d1833ea6eefa3463cf323,3,"27d5f18f663a240a0a1d1833ea6eefa3463cf323,406792e7b0f15627411728829c7a2de86fcbe96b,7fbde3431a9e4ce5d14d608a615e45409fad6234",1,27d5f18f663a240a0a1d1833ea6eefa3463cf323,0,,2,"406792e7b0f15627411728829c7a2de86fcbe96b,7fbde3431a9e4ce5d14d608a615e45409fad6234",100.00%
2011,CVE-2011-3941,c77be3a35a0160d6af88056b0899f120f2eef38e,2,"68f0bc7e62c27909c175d0796c7eee97011cd6fa,657ccb5ac75ce34e62bd67f228d9bd36db72189e",0,,0,,2,"68f0bc7e62c27909c175d0796c7eee97011cd6fa,657ccb5ac75ce34e62bd67f228d9bd36db72189e",0,,
2011,CVE-2011-3944,1285baaab550e3e761590ef6dfb1d9bd9d1332e4,1,348efc18364a9daca569ed77e184b843d9bc5f11,0,,0,,1,348efc18364a9daca569ed77e184b843d9bc5f11,0,,
2011,CVE-2011-3945,807a045ab7f51993a2c1b3116016cbbd4f3d20d6,1,bf3541220188c708dd618ca28f5b73fb2ecfa149,1,bf3541220188c708dd618ca28f5b73fb2ecfa149,1,bf3541220188c708dd618ca28f5b73fb2ecfa149,0,,0,,100.00%
2011,CVE-2011-3946,7ab551f9fd9a63586649a7df8790ddaeac55420f,1,b18412171fda4f09bbc2f07858c5c1bb43dfae84,2,"2912e87a6c9264d556734e2bf94a99c64cf9b102,9c09546352ceec4ca1ec0f023861bcb5195de8a1",0,,1,b18412171fda4f09bbc2f07858c5c1bb43dfae84,2,"2912e87a6c9264d556734e2bf94a99c64cf9b102,9c09546352ceec4ca1ec0f023861bcb5195de8a1",0.00%
2011,CVE-2011-3946,9decfc17bb76da34734296048d390b176abf404c,1,9c09546352ceec4ca1ec0f023861bcb5195de8a1,0,,0,,1,9c09546352ceec4ca1ec0f023861bcb5195de8a1,0,,
2011,CVE-2011-3947,b57d262412204e54a7ef8fa1b23ff4dcede622e5,1,0a59a18b4ed63a1d20ac62489e72fb81d4b3c363,1,0a59a18b4ed63a1d20ac62489e72fb81d4b3c363,1,0a59a18b4ed63a1d20ac62489e72fb81d4b3c363,0,,0,,100.00%
2011,CVE-2011-3947,01e5e97026cf0b344abafca22b0336a2c58b2a33,2,"0a59a18b4ed63a1d20ac62489e72fb81d4b3c363,81752d0c2bf56827d91b676113aab1ee4f5b69de",1,0a59a18b4ed63a1d20ac62489e72fb81d4b3c363,1,0a59a18b4ed63a1d20ac62489e72fb81d4b3c363,1,81752d0c2bf56827d91b676113aab1ee4f5b69de,0,,50.00%
2011,CVE-2011-3949,e2291ea1534d17306f685b8c8abc8585bbed87bf,1,5d50fcc5497407f4e6d8e90dd9660b3369d86764,2,"ca239e1c372f8962f5ff93c80afa7b98e09bf3a3,5d50fcc5497407f4e6d8e90dd9660b3369d86764",1,5d50fcc5497407f4e6d8e90dd9660b3369d86764,0,,1,ca239e1c372f8962f5ff93c80afa7b98e09bf3a3,100.00%
2011,CVE-2011-3950,ddf0c1d86ad8e1df5ab3265206aef493a1bdc813,1,5d50fcc5497407f4e6d8e90dd9660b3369d86764,1,5d50fcc5497407f4e6d8e90dd9660b3369d86764,1,5d50fcc5497407f4e6d8e90dd9660b3369d86764,0,,0,,100.00%
2011,CVE-2011-3951,ce7aee9b733134649a6ce2fa743e51733f33e67e,1,76db17dc7d4f19f9a03bdd6de79c2ea37b76888f,1,3ef8be2bfc89672060a2a2f2b8926b3decb08172,0,,1,76db17dc7d4f19f9a03bdd6de79c2ea37b76888f,1,3ef8be2bfc89672060a2a2f2b8926b3decb08172,0.00%
2011,CVE-2011-3951,92115bb685914cbfeb02fed26d5acd50dea03d7e,2,"0eea212943544d40f99b05571aa7159d78667154,08bd22a61b820160bff5f98cd51d2e0135d02e00",1,3ef8be2bfc89672060a2a2f2b8926b3decb08172,0,,2,"0eea212943544d40f99b05571aa7159d78667154,08bd22a61b820160bff5f98cd51d2e0135d02e00",1,3ef8be2bfc89672060a2a2f2b8926b3decb08172,0.00%
2011,CVE-2011-3952,386741f887714d3e46c9e8fe577e326a7964037b,1,fd7b1991999d0dca96ee8fbd2f6a5f218accc6ae,1,fd7b1991999d0dca96ee8fbd2f6a5f218accc6ae,1,fd7b1991999d0dca96ee8fbd2f6a5f218accc6ae,0,,0,,100.00%
2011,CVE-2011-3952,70dba1e3c856e86e1780c0a324abbce034f0c7da,1,fd7b1991999d0dca96ee8fbd2f6a5f218accc6ae,0,,0,,1,fd7b1991999d0dca96ee8fbd2f6a5f218accc6ae,0,,
2011,CVE-2011-3973,4a71da0f3ab7f5542decd11c81994f849d5b2c78,1,844d9012a64db8c81c96a7efe337e682224aecf7,1,844d9012a64db8c81c96a7efe337e682224aecf7,1,844d9012a64db8c81c96a7efe337e682224aecf7,0,,0,,100.00%
2011,CVE-2011-3974,4a71da0f3ab7f5542decd11c81994f849d5b2c78,1,844d9012a64db8c81c96a7efe337e682224aecf7,1,844d9012a64db8c81c96a7efe337e682224aecf7,1,844d9012a64db8c81c96a7efe337e682224aecf7,0,,0,,100.00%
2011,CVE-2011-4351,895d258e9ba065d035dd30dbc622423031f0185c,1,3135258e19c089f3e703817a2d3f074af67feccb,1,3135258e19c089f3e703817a2d3f074af67feccb,1,3135258e19c089f3e703817a2d3f074af67feccb,0,,0,,100.00%
2011,CVE-2011-4352,8b94df0f2047e9728cb872adc9e64557b7a5152f,1,c72625f29902bfd7f01184c3eb1c29c94ec2a648,2,"d86053a41689e8a5ed897ef071c62ef3fcdc3655,67335dbce3a905551d43b9eeb49c737278f927c6",0,,1,c72625f29902bfd7f01184c3eb1c29c94ec2a648,2,"d86053a41689e8a5ed897ef071c62ef3fcdc3655,67335dbce3a905551d43b9eeb49c737278f927c6",0.00%
2011,CVE-2011-4353,c693aa6f71b4f539cf9df67ba42f4b1932981687,1,7d8d18de2c9fc4bdfd2680782d74071140f08630,1,e7bd48a6aef974ec694447cf5244f6b031b61fce,0,,1,7d8d18de2c9fc4bdfd2680782d74071140f08630,1,e7bd48a6aef974ec694447cf5244f6b031b61fce,0.00%
2011,CVE-2011-4353,bb4b0ad83b13c3af57675e80163f3f333adef96f,1,5ce117c37c9b1ff5ed121f372e972e9eb3d83d23,2,"5ce117c37c9b1ff5ed121f372e972e9eb3d83d23,6168781f70ebac7da557207750d14f57c3cd4cb3",1,5ce117c37c9b1ff5ed121f372e972e9eb3d83d23,0,,1,6168781f70ebac7da557207750d14f57c3cd4cb3,100.00%
2011,CVE-2011-4353,e0966eb140b3569b3d6b5b5008961944ef229c06,1,5ce117c37c9b1ff5ed121f372e972e9eb3d83d23,2,"5ce117c37c9b1ff5ed121f372e972e9eb3d83d23,6168781f70ebac7da557207750d14f57c3cd4cb3",1,5ce117c37c9b1ff5ed121f372e972e9eb3d83d23,0,,1,6168781f70ebac7da557207750d14f57c3cd4cb3,100.00%
2011,CVE-2011-4364,c0cbe36b18ab3eb13a53fe684ec1f63a00df2c86,1,fafa0b75eebff24a721e5d1ccd0b724556e4152a,5,"fafa0b75eebff24a721e5d1ccd0b724556e4152a,5509bffa88238d1f445a84a32e3791bfb9e532fd,ba87f0801d77c21eb1e4891ca1f846500bbb0939,2912e87a6c9264d556734e2bf94a99c64cf9b102,b78e7197a81e193827cf2408fe25bc1f14843a72",1,fafa0b75eebff24a721e5d1ccd0b724556e4152a,0,,4,"ba87f0801d77c21eb1e4891ca1f846500bbb0939,5509bffa88238d1f445a84a32e3791bfb9e532fd,2912e87a6c9264d556734e2bf94a99c64cf9b102,b78e7197a81e193827cf2408fe25bc1f14843a72",100.00%
2011,CVE-2011-4579,6e24b9488e67849a28e64a8056e05f83cf439229,1,5416616588e521311c863a89b69392ba9856b45e,0,,0,,1,5416616588e521311c863a89b69392ba9856b45e,0,,
2012,CVE-2012-0847,ae21776207e8a2bbe268e7c9e203f7599dd87ddb,1,95a0242642e8ee345f6545ea7f9b042989272729,1,4dbbcdee1ed0f643307e15c72d33eb956a4ed659,0,,1,95a0242642e8ee345f6545ea7f9b042989272729,1,4dbbcdee1ed0f643307e15c72d33eb956a4ed659,0.00%
2012,CVE-2012-0848,5257743aee0c3982f0079e6553aabc6aa39401d2,1,417364ce1f979031ef6fee661fc15e1869bdb1b4,1,034eeaa17f2541663f12666008109c267620f4b2,0,,1,417364ce1f979031ef6fee661fc15e1869bdb1b4,1,034eeaa17f2541663f12666008109c267620f4b2,0.00%
2012,CVE-2012-0849,1f99939a6361e2e6d6788494dd7c682b051c6c34,1,b4483a531a139f304f4370f470325facb107202f,1,83654c7b1b598add9041c7add6b77478eb91177f,0,,1,b4483a531a139f304f4370f470325facb107202f,1,83654c7b1b598add9041c7add6b77478eb91177f,0.00%
2012,CVE-2012-0850,944f5b2779e4aa63f7624df6cd4de832a53db81b,1,ed492b61dbe64ef8c25eb1e72ac7ca4e9df9bbd6,1,ed492b61dbe64ef8c25eb1e72ac7ca4e9df9bbd6,1,ed492b61dbe64ef8c25eb1e72ac7ca4e9df9bbd6,0,,0,,100.00%
2012,CVE-2012-0851,7fff64e00d886fde11d61958888c82b461cf99b9,1,889fce8e306f15a223d13f8c0dbb211ec4b52fd0,0,,0,,1,889fce8e306f15a223d13f8c0dbb211ec4b52fd0,0,,
2012,CVE-2012-0852,608708009f69ba4cecebf05120c696167494c897,1,a62c0f94ee5c96e98b1f91d9f1ab9f568037bb00,0,,0,,1,a62c0f94ee5c96e98b1f91d9f1ab9f568037bb00,0,,
2012,CVE-2012-0853,9af6abdc17deb95c9b1f1d9242ba49b8b5e0b016,1,10e26bc782b512e275fe860f2c8330b0b9277410,0,,0,,1,10e26bc782b512e275fe860f2c8330b0b9277410,0,,
2012,CVE-2012-0853,c509f4f74713b035a06f79cb4d00e708f5226bc5,1,10e26bc782b512e275fe860f2c8330b0b9277410,0,,0,,1,10e26bc782b512e275fe860f2c8330b0b9277410,0,,
2012,CVE-2012-0854,6d8e6fe9dbc365f50521cf0c4a5ffee97c970cb5,1,04b24cf94b3582f94a94e28506368d3ee54daad7,1,3ef8be2bfc89672060a2a2f2b8926b3decb08172,0,,1,04b24cf94b3582f94a94e28506368d3ee54daad7,1,3ef8be2bfc89672060a2a2f2b8926b3decb08172,0.00%
2012,CVE-2012-0855,3eedf9f716733b3b4c5205726d2c1ca52b3d3d78,1,83654c7b1b598add9041c7add6b77478eb91177f,0,,0,,1,83654c7b1b598add9041c7add6b77478eb91177f,0,,
2012,CVE-2012-0856,21270cffaeab2f67a613907516b2b0cd6c9eacf4,1,284aa07932264853dd645f62db9668774cbef2a1,1,de6d9b6404bfd1c589799142da5a95428f146edd,0,,1,284aa07932264853dd645f62db9668774cbef2a1,1,de6d9b6404bfd1c589799142da5a95428f146edd,0.00%
2012,CVE-2012-0857,282bb02839b1ce73963c8e3ee46804f1ade8b12a,1,83654c7b1b598add9041c7add6b77478eb91177f,1,83654c7b1b598add9041c7add6b77478eb91177f,1,83654c7b1b598add9041c7add6b77478eb91177f,0,,0,,100.00%
2012,CVE-2012-0858,18bcfc912e48bf77a5202a0e24a3b884b9b2ff2c,1,85ad569574a1a7d81c48b10e394b1ce7aaca5b7b,2,"85ad569574a1a7d81c48b10e394b1ce7aaca5b7b,b78e7197a81e193827cf2408fe25bc1f14843a72",1,85ad569574a1a7d81c48b10e394b1ce7aaca5b7b,0,,1,b78e7197a81e193827cf2408fe25bc1f14843a72,100.00%
2012,CVE-2012-0858,204cb29b3c84a74cbcd059d353c70c8bdc567d98,1,85ad569574a1a7d81c48b10e394b1ce7aaca5b7b,3,"85ad569574a1a7d81c48b10e394b1ce7aaca5b7b,2912e87a6c9264d556734e2bf94a99c64cf9b102,b78e7197a81e193827cf2408fe25bc1f14843a72",1,85ad569574a1a7d81c48b10e394b1ce7aaca5b7b,0,,2,"2912e87a6c9264d556734e2bf94a99c64cf9b102,b78e7197a81e193827cf2408fe25bc1f14843a72",100.00%
2012,CVE-2012-0859,6fcf2bb8af0e7d6bb179e71e67e5fab8ef0d2ec2,1,5e56b30e1febefd4eee7a0831ccbcb979cc11a2e,1,0bde73d907dbe684e01bafc979bf4a04ddeace1d,0,,1,5e56b30e1febefd4eee7a0831ccbcb979cc11a2e,1,0bde73d907dbe684e01bafc979bf4a04ddeace1d,0.00%
2012,CVE-2012-0947,58b2e0f0f2fc96c1158e04f8aba95cbe6157a1a3,1,6955a88293ea3dc98beb31f43993b7cd6a24b4c9,0,,0,,1,6955a88293ea3dc98beb31f43993b7cd6a24b4c9,0,,
2012,CVE-2012-0947,3583c8706df0abbfa3ecdd6730f4f3d72a01fe6d,1,341404f753fdbcddebb9fbce51f2ef057cceb79c,0,,0,,1,341404f753fdbcddebb9fbce51f2ef057cceb79c,0,,
2012,CVE-2012-2772,cb7190cd2c691fd93e4d3664f3fce6c19ee001dd,1,73ad4471a48bd02b2c2a55de116161b87e061023,0,,0,,1,73ad4471a48bd02b2c2a55de116161b87e061023,0,,
2012,CVE-2012-2773,59a4b73531428d2f420b4dad545172c8483ced0f,3,"91a28b0e8e4f09a8256727e8a514bf98da81e186,c65dfac466c2248a5a099a4fb9d421a9f647da03,b38f008ea64cc5c0087fc9804569338ef005897c",0,,0,,3,"91a28b0e8e4f09a8256727e8a514bf98da81e186,c65dfac466c2248a5a099a4fb9d421a9f647da03,b38f008ea64cc5c0087fc9804569338ef005897c",0,,
2012,CVE-2012-2774,59a4b73531428d2f420b4dad545172c8483ced0f,3,"91a28b0e8e4f09a8256727e8a514bf98da81e186,c65dfac466c2248a5a099a4fb9d421a9f647da03,b38f008ea64cc5c0087fc9804569338ef005897c",0,,0,,3,"91a28b0e8e4f09a8256727e8a514bf98da81e186,c65dfac466c2248a5a099a4fb9d421a9f647da03,b38f008ea64cc5c0087fc9804569338ef005897c",0,,
2012,CVE-2012-2775,9d3032b960ae03066c008d6e6774f68b17a1d69d,1,99971952b0998fd110bd670fabb0a2c2e39e6879,0,,0,,1,99971952b0998fd110bd670fabb0a2c2e39e6879,0,,
2012,CVE-2012-2775,9853e41aa0a6cfff629ff7009685eb8bf8d64e7f,1,99971952b0998fd110bd670fabb0a2c2e39e6879,0,,0,,1,99971952b0998fd110bd670fabb0a2c2e39e6879,0,,
2012,CVE-2012-2776,ba775a54bc2136ec5da85385a923b05ee6fab159,1,594b54b51e9f3af8aac18184d634b85a836b42b6,2,"deabd4fdde195c65362f3e3bb27a5fef38fabc26,594b54b51e9f3af8aac18184d634b85a836b42b6",1,594b54b51e9f3af8aac18184d634b85a836b42b6,0,,1,deabd4fdde195c65362f3e3bb27a5fef38fabc26,100.00%
2012,CVE-2012-2776,e4d4044339b9c3b0f45f7203cd026eda3c0414c0,1,594b54b51e9f3af8aac18184d634b85a836b42b6,0,,0,,1,594b54b51e9f3af8aac18184d634b85a836b42b6,0,,
2012,CVE-2012-2777,25715064c2ef4978672a91f8c856f3e8809a7c45,1,844d9012a64db8c81c96a7efe337e682224aecf7,1,844d9012a64db8c81c96a7efe337e682224aecf7,1,844d9012a64db8c81c96a7efe337e682224aecf7,0,,0,,100.00%
2012,CVE-2012-2777,c20a69630619d14ae92c5541d52c579d7c8f3e94,1,844d9012a64db8c81c96a7efe337e682224aecf7,1,844d9012a64db8c81c96a7efe337e682224aecf7,1,844d9012a64db8c81c96a7efe337e682224aecf7,0,,0,,100.00%
2012,CVE-2012-2779,229e4c133287955d5f3f837520a3602709b21950,1,5bebe94d860cb1a0819701213e961c8269aa3284,1,5bebe94d860cb1a0819701213e961c8269aa3284,1,5bebe94d860cb1a0819701213e961c8269aa3284,0,,0,,100.00%
2012,CVE-2012-2779,891918431db628db17885ed947ee387b29826a64,2,"5bebe94d860cb1a0819701213e961c8269aa3284,aa372cf4705343a9fff422ab9ead99cef7e0b415",1,5bebe94d860cb1a0819701213e961c8269aa3284,1,5bebe94d860cb1a0819701213e961c8269aa3284,1,aa372cf4705343a9fff422ab9ead99cef7e0b415,0,,50.00%
2012,CVE-2012-2782,9a57a37b7041581c10629c8241260a5d7bfbc1e7,2,"0da71265d84b587c7159cd82708ca60ad050dd4c,e5d403720ec4914169f55913a5a5555d908500b6",3,"0da71265d84b587c7159cd82708ca60ad050dd4c,d5ec00ba57d8e20aeddca88281a4441c5d80d9f7,b78e7197a81e193827cf2408fe25bc1f14843a72",1,0da71265d84b587c7159cd82708ca60ad050dd4c,1,e5d403720ec4914169f55913a5a5555d908500b6,2,"d5ec00ba57d8e20aeddca88281a4441c5d80d9f7,b78e7197a81e193827cf2408fe25bc1f14843a72",50.00%
2012,CVE-2012-2783,d85b3c4fff4c4b255232fcc01edbd57f19d60998,1,91fc2cf150cdee0493e51dfe44df0ab88ff2f31b,1,6168781f70ebac7da557207750d14f57c3cd4cb3,0,,1,91fc2cf150cdee0493e51dfe44df0ab88ff2f31b,1,6168781f70ebac7da557207750d14f57c3cd4cb3,0.00%
2012,CVE-2012-2784,c20a69630619d14ae92c5541d52c579d7c8f3e94,1,844d9012a64db8c81c96a7efe337e682224aecf7,1,844d9012a64db8c81c96a7efe337e682224aecf7,1,844d9012a64db8c81c96a7efe337e682224aecf7,0,,0,,100.00%
2012,CVE-2012-2785,326f7a68bbd429c63fd2f19f4050658982b5b081,1,9d25f1f6194dba9cfd60c0596aa59ad145d61382,1,9d25f1f6194dba9cfd60c0596aa59ad145d61382,1,9d25f1f6194dba9cfd60c0596aa59ad145d61382,0,,0,,100.00%
2012,CVE-2012-2785,d462949974668ffb013467d12dc4934b9106fe19,1,9d25f1f6194dba9cfd60c0596aa59ad145d61382,1,9d25f1f6194dba9cfd60c0596aa59ad145d61382,1,9d25f1f6194dba9cfd60c0596aa59ad145d61382,0,,0,,100.00%
2012,CVE-2012-2786,d1c95d2ce39560e251fdb14f4af91b04fd7b845c,1,42315dabce376fd7085e2a1bbab4d230d3d2ccd8,0,,0,,1,42315dabce376fd7085e2a1bbab4d230d3d2ccd8,0,,
2012,CVE-2012-2786,ee715f49a06bf3898246d01b056284a9bb1bcbb9,1,42315dabce376fd7085e2a1bbab4d230d3d2ccd8,0,,0,,1,42315dabce376fd7085e2a1bbab4d230d3d2ccd8,0,,
2012,CVE-2012-2787,01bf2ad7351fdaa2e21b6bdf963d22d6ffccb920,1,adfe0c942e71545f003f9c4d148fbf5d220681bc,0,,0,,1,adfe0c942e71545f003f9c4d148fbf5d220681bc,0,,
2012,CVE-2012-2787,b146d74730ab9ec5abede9066f770ad851e45fbc,1,aa372cf4705343a9fff422ab9ead99cef7e0b415,0,,0,,1,aa372cf4705343a9fff422ab9ead99cef7e0b415,0,,
2012,CVE-2012-2788,c41ac870470c614185e1752c11f892809022248a,1,c60a0f85eea39542a9b3a5efaf2411abfe2ca528,0,,0,,1,c60a0f85eea39542a9b3a5efaf2411abfe2ca528,0,,
2012,CVE-2012-2788,0af49a63c7f87876486ab09482d5b26b95abce60,1,7c7f3866775490f3869a6c7beeaf48636c05c16b,1,de6d9b6404bfd1c589799142da5a95428f146edd,0,,1,7c7f3866775490f3869a6c7beeaf48636c05c16b,1,de6d9b6404bfd1c589799142da5a95428f146edd,0.00%
2012,CVE-2012-2789,97a5addfcf0029d0f5538ed70cb38cae4108a618,1,f62be777ee0a220563f13662abe32854cd4b2bef,1,31c57185c52c3c69526567d2a09190b33ba05874,0,,1,f62be777ee0a220563f13662abe32854cd4b2bef,1,31c57185c52c3c69526567d2a09190b33ba05874,0.00%
2012,CVE-2012-2789,99f392a584dd10b553facc8e819f2c7e982e176d,1,f62be777ee0a220563f13662abe32854cd4b2bef,1,31c57185c52c3c69526567d2a09190b33ba05874,0,,1,f62be777ee0a220563f13662abe32854cd4b2bef,1,31c57185c52c3c69526567d2a09190b33ba05874,0.00%
2012,CVE-2012-2790,2837d8dc276760db1821b81df3f794a90bfa56e6,1,25608328af26a9c5bcbb7136320f49f8e94d4c26,1,99971952b0998fd110bd670fabb0a2c2e39e6879,0,,1,25608328af26a9c5bcbb7136320f49f8e94d4c26,1,99971952b0998fd110bd670fabb0a2c2e39e6879,0.00%
2012,CVE-2012-2790,66197988b1ee914825afbc3084e6da63f862068a,1,25608328af26a9c5bcbb7136320f49f8e94d4c26,2,"2912e87a6c9264d556734e2bf94a99c64cf9b102,99971952b0998fd110bd670fabb0a2c2e39e6879",0,,1,25608328af26a9c5bcbb7136320f49f8e94d4c26,2,"2912e87a6c9264d556734e2bf94a99c64cf9b102,99971952b0998fd110bd670fabb0a2c2e39e6879",0.00%
2012,CVE-2012-2791,0846719dd11ab3f7a7caee13e7af71f71d913389,2,"1cf3168516cb4a3d6042f154653d46938f9d5168,adfe0c942e71545f003f9c4d148fbf5d220681bc",1,1cf3168516cb4a3d6042f154653d46938f9d5168,1,1cf3168516cb4a3d6042f154653d46938f9d5168,1,adfe0c942e71545f003f9c4d148fbf5d220681bc,0,,50.00%
2012,CVE-2012-2792,d442c4462a2692e27a24e1a9d0eb6f18725c7bd8,1,123b1fac5c0a18061d7fa9a7869e537e81d16506,2,"9d25f1f6194dba9cfd60c0596aa59ad145d61382,123b1fac5c0a18061d7fa9a7869e537e81d16506",1,123b1fac5c0a18061d7fa9a7869e537e81d16506,0,,1,9d25f1f6194dba9cfd60c0596aa59ad145d61382,100.00%
2012,CVE-2012-2793,83c7803f55b3231faeb93c1a634399a70fae9480,1,d267b339e4dbf8d70455e3163b2d39aff0efe314,0,,0,,1,d267b339e4dbf8d70455e3163b2d39aff0efe314,0,,
2012,CVE-2012-2793,b631e4ed64f7d1b9ca8f897fda31140e8d1fad81,1,d267b339e4dbf8d70455e3163b2d39aff0efe314,0,,0,,1,d267b339e4dbf8d70455e3163b2d39aff0efe314,0,,
2012,CVE-2012-2794,5ad7335ebac2b38bb2a1c8df51a500b78461c05a,2,"5bebe94d860cb1a0819701213e961c8269aa3284,366ac22ea5a8bab63c7f46cdad2ddb2ff22cdbed",0,,0,,2,"5bebe94d860cb1a0819701213e961c8269aa3284,366ac22ea5a8bab63c7f46cdad2ddb2ff22cdbed",0,,
2012,CVE-2012-2794,2d09cdbaf2f449ba23d54e97e94bd97ca22208c6,2,"5bebe94d860cb1a0819701213e961c8269aa3284,366ac22ea5a8bab63c7f46cdad2ddb2ff22cdbed",0,,0,,2,"5bebe94d860cb1a0819701213e961c8269aa3284,366ac22ea5a8bab63c7f46cdad2ddb2ff22cdbed",0,,
2012,CVE-2012-2795,a0abefb0af64a311b15141062c77dd577ba590a3,2,"fd9ea0402cfc9d68f5ec4be311772f5e46a96486,9d25f1f6194dba9cfd60c0596aa59ad145d61382",2,"9d25f1f6194dba9cfd60c0596aa59ad145d61382,123b1fac5c0a18061d7fa9a7869e537e81d16506",1,9d25f1f6194dba9cfd60c0596aa59ad145d61382,1,fd9ea0402cfc9d68f5ec4be311772f5e46a96486,1,123b1fac5c0a18061d7fa9a7869e537e81d16506,50.00%
2012,CVE-2012-2795,2a7063de547b1d8fb1cef523469390fb59fb2c50,1,123b1fac5c0a18061d7fa9a7869e537e81d16506,1,123b1fac5c0a18061d7fa9a7869e537e81d16506,1,123b1fac5c0a18061d7fa9a7869e537e81d16506,0,,0,,100.00%
2012,CVE-2012-2795,b3a43515827f3d22a881c33b87384f01c86786fd,1,123b1fac5c0a18061d7fa9a7869e537e81d16506,1,123b1fac5c0a18061d7fa9a7869e537e81d16506,1,123b1fac5c0a18061d7fa9a7869e537e81d16506,0,,0,,100.00%
2012,CVE-2012-2796,5e59a77cec804a9b44c60ea22c17beba6453ef23,1,cad16562c8d76ea2a2a6495f29296c3ff7966946,0,,0,,1,cad16562c8d76ea2a2a6495f29296c3ff7966946,0,,
2012,CVE-2012-2797,cca9528524c7a4b91451f4322bd50849af5d057e,1,0eea212943544d40f99b05571aa7159d78667154,1,de6d9b6404bfd1c589799142da5a95428f146edd,0,,1,0eea212943544d40f99b05571aa7159d78667154,1,de6d9b6404bfd1c589799142da5a95428f146edd,0.00%
2012,CVE-2012-2798,72b9537d8886f679494651df517dfed9b420cf1f,1,29b0d94b43ac960cb442049a5d737a3386ff0337,1,42315dabce376fd7085e2a1bbab4d230d3d2ccd8,0,,1,29b0d94b43ac960cb442049a5d737a3386ff0337,1,42315dabce376fd7085e2a1bbab4d230d3d2ccd8,0.00%
2012,CVE-2012-2798,d05f72c75445969cd7bdb1d860635c9880c67fb6,1,29b0d94b43ac960cb442049a5d737a3386ff0337,1,42315dabce376fd7085e2a1bbab4d230d3d2ccd8,0,,1,29b0d94b43ac960cb442049a5d737a3386ff0337,1,42315dabce376fd7085e2a1bbab4d230d3d2ccd8,0.00%
2012,CVE-2012-2799,64bd7f8e4db1742e86c5ed02bd530688b74063e3,1,d360dd902c602aea2d634a0091cc7754eab4839e,0,,0,,1,d360dd902c602aea2d634a0091cc7754eab4839e,0,,
2012,CVE-2012-2800,f0bf9e9c2a65e9a2b9d9e4e94f99acb191dc7ae7,1,1cf3168516cb4a3d6042f154653d46938f9d5168,0,,0,,1,1cf3168516cb4a3d6042f154653d46938f9d5168,0,,
2012,CVE-2012-2800,ae3da0ae5550053583a6f281ea7fd940497ea0d1,1,1cf3168516cb4a3d6042f154653d46938f9d5168,1,1cf3168516cb4a3d6042f154653d46938f9d5168,1,1cf3168516cb4a3d6042f154653d46938f9d5168,0,,0,,100.00%
2012,CVE-2012-2801,1df49142bab1b7bccd11392aa9e819e297d21a6e,1,26376701446a51fc505ea998fe477118af3f1c59,0,,0,,1,26376701446a51fc505ea998fe477118af3f1c59,0,,
2012,CVE-2012-2801,85f477935cd6b34e6ec2716b20e15ce748277a89,1,26376701446a51fc505ea998fe477118af3f1c59,0,,0,,1,26376701446a51fc505ea998fe477118af3f1c59,0,,
2012,CVE-2012-2802,2c22701c371c2f3dea21fcdbb97c981939fb77af,1,be18738801b1723cc6aee126dfea466584012793,0,,0,,1,be18738801b1723cc6aee126dfea466584012793,0,,
2012,CVE-2012-2802,56b6a43056235fc110a018678da590595734203d,1,0eea212943544d40f99b05571aa7159d78667154,0,,0,,1,0eea212943544d40f99b05571aa7159d78667154,0,,
2012,CVE-2012-2803,951cbea56fdc03ef96d07fbd7e5bed755d42ac8a,1,ff17fc6353c6513316b1132f27ac2a7a8d81b9ec,0,,0,,1,ff17fc6353c6513316b1132f27ac2a7a8d81b9ec,0,,
2012,CVE-2012-2804,4a80ebe491609e04110a1dd540a0ca79d3be3d04,1,594b54b51e9f3af8aac18184d634b85a836b42b6,3,"deabd4fdde195c65362f3e3bb27a5fef38fabc26,594b54b51e9f3af8aac18184d634b85a836b42b6,b78e7197a81e193827cf2408fe25bc1f14843a72",1,594b54b51e9f3af8aac18184d634b85a836b42b6,0,,2,"deabd4fdde195c65362f3e3bb27a5fef38fabc26,b78e7197a81e193827cf2408fe25bc1f14843a72",100.00%
2012,CVE-2012-5150,ae3d41636942cbc0236bad21ad06c65f4eb0f096,1,737c40da20de07fd1b1ca99699f896c84b03f0ff,1,b061d892edd76bbdb8cf70b244c661f45185b76c,0,,1,737c40da20de07fd1b1ca99699f896c84b03f0ff,1,b061d892edd76bbdb8cf70b244c661f45185b76c,0.00%
2012,CVE-2012-6617,cbe43e62c9ac7d4aefdc13476f6f691bd626525f,1,dd7234725dc7a440c47f12437647896ce2a0ba45,1,85f07f223de9fbeb2b9d66db11f89091ac717926,0,,1,dd7234725dc7a440c47f12437647896ce2a0ba45,1,85f07f223de9fbeb2b9d66db11f89091ac717926,0.00%
2012,CVE-2012-6618,03847eb8259291b4ff1bd840bd779d0699d71f96,1,eadd495d06b5c553f6026fe905dd0b3bc23fe35b,3,"19720f15fd30a0f81c56989e1faf4ff6058793f3,a85736f21dce18b888982e276454b912006ccca1,de6d9b6404bfd1c589799142da5a95428f146edd",0,,1,eadd495d06b5c553f6026fe905dd0b3bc23fe35b,3,"19720f15fd30a0f81c56989e1faf4ff6058793f3,a85736f21dce18b888982e276454b912006ccca1,de6d9b6404bfd1c589799142da5a95428f146edd",0.00%
2013,CVE-2013-0844,f18c873ab5ee3c78d00fdcc2582b39c133faecb4,1,d570a9680801378065a7c57547fcf9d5d9ce9cbb,1,0147f198569a8e8d857df184d29ad22c8089b91e,0,,1,d570a9680801378065a7c57547fcf9d5d9ce9cbb,1,0147f198569a8e8d857df184d29ad22c8089b91e,0.00%
2013,CVE-2013-0845,0ceca269b66ec12a23bf0907bd2c220513cdbf16,1,1261b07f5f3965cbaf2562ebfa71ed951140bd7c,1,99971952b0998fd110bd670fabb0a2c2e39e6879,0,,1,1261b07f5f3965cbaf2562ebfa71ed951140bd7c,1,99971952b0998fd110bd670fabb0a2c2e39e6879,0.00%
2013,CVE-2013-0846,a7ee6281f7ef1c29284e3a4cadfe0f227ffde1ed,1,3135258e19c089f3e703817a2d3f074af67feccb,0,,0,,1,3135258e19c089f3e703817a2d3f074af67feccb,0,,
2013,CVE-2013-0847,10416a4d56fa8a89784e4fb62099c3cab17a9952,1,e9c372362cb736240dcd87658a027ecfb7b9d240,1,2ea512a6c2ff3404563ad364a3e806a8630cdc84,0,,1,e9c372362cb736240dcd87658a027ecfb7b9d240,1,2ea512a6c2ff3404563ad364a3e806a8630cdc84,0.00%
2013,CVE-2013-0848,6abb9a901fca27da14d4fffbb01948288b5da3ba,1,3a085c6a37ad381a58eb30486beda44386058327,1,11f18fafcab80ef52391e6e29c5a1a8f6f22c4e3,0,,1,3a085c6a37ad381a58eb30486beda44386058327,1,11f18fafcab80ef52391e6e29c5a1a8f6f22c4e3,0.00%
2013,CVE-2013-0848,a7153444df9040bf6ae103e0bbf6104b66f974cb,1,2ca5ca2957607cf9604cc6068a9ebc898ff37b06,0,,0,,1,2ca5ca2957607cf9604cc6068a9ebc898ff37b06,0,,
2013,CVE-2013-0849,3ae610451170cd5a28b33950006ff0bd23036845,1,55c970e349af9caf3eee7b148460c20f3753e6f9,0,,0,,1,55c970e349af9caf3eee7b148460c20f3753e6f9,0,,
2013,CVE-2013-0850,d6c184880ee2e09fd68c0ae217173832cee5afc1,1,8d9fd58113fa2953269252575bf5f1edce41e550,1,0da71265d84b587c7159cd82708ca60ad050dd4c,0,,1,8d9fd58113fa2953269252575bf5f1edce41e550,1,0da71265d84b587c7159cd82708ca60ad050dd4c,0.00%
2013,CVE-2013-0851,63ac64864c6e0e84355aa3caa5b92208997a9a8d,1,c63ea92bf2970fbf39728e4b1de6bab940d02b38,1,c63ea92bf2970fbf39728e4b1de6bab940d02b38,1,c63ea92bf2970fbf39728e4b1de6bab940d02b38,0,,0,,100.00%
2013,CVE-2013-0852,c0d68be555f5858703383040e04fcd6529777061,1,c58b82a29be1e9e9c87a701b5511aeef9a0ac865,0,,0,,1,c58b82a29be1e9e9c87a701b5511aeef9a0ac865,0,,
2013,CVE-2013-0852,d98e6c5d5d80c1dfe0c30f2e73d41a3aea0b920d,1,c58b82a29be1e9e9c87a701b5511aeef9a0ac865,0,,0,,1,c58b82a29be1e9e9c87a701b5511aeef9a0ac865,0,,
2013,CVE-2013-0853,be818df547c3b0ae4fadb50fd210139a8636706a,1,0eea212943544d40f99b05571aa7159d78667154,1,730581f3b4f55413368693f0c077c8177d070102,0,,1,0eea212943544d40f99b05571aa7159d78667154,1,730581f3b4f55413368693f0c077c8177d070102,0.00%
2013,CVE-2013-0854,1f41cffe1e3e79620f587545bdfcbd7e6e68ed29,1,5fac277602ebab5990c4d20342a4e55bb7c43b93,0,,0,,1,5fac277602ebab5990c4d20342a4e55bb7c43b93,0,,
2013,CVE-2013-0855,3920d1387834e2bc334aff9f518f4beb24e470bd,1,836e8b9ba0d80ce03b0664f97245f8f3ac43d145,1,6d6d7970e7c0ae1bf3f0e015d3c22723ed5b1a28,0,,1,836e8b9ba0d80ce03b0664f97245f8f3ac43d145,1,6d6d7970e7c0ae1bf3f0e015d3c22723ed5b1a28,0.00%
2013,CVE-2013-0856,fd4f4923cce6a2cbf4f48640b4ac706e614a1594,1,fb57e913e196b26b4ee6ede90f06821e2be7e28a,1,6d6d7970e7c0ae1bf3f0e015d3c22723ed5b1a28,0,,1,fb57e913e196b26b4ee6ede90f06821e2be7e28a,1,6d6d7970e7c0ae1bf3f0e015d3c22723ed5b1a28,0.00%
2013,CVE-2013-0857,2fbb37b51bbea891392ad357baf8f3dff00bac05,2,"183132872a1d8bc8a32e7fd8f994fa2f1b2d6bfc,65d213ec86019dd1dbc847ca7dde75dc7bd68b82",1,b9e06dddb7d5ac3c5c75377fa796b267427679d9,0,,2,"183132872a1d8bc8a32e7fd8f994fa2f1b2d6bfc,65d213ec86019dd1dbc847ca7dde75dc7bd68b82",1,b9e06dddb7d5ac3c5c75377fa796b267427679d9,0.00%
2013,CVE-2013-0858,13451f5520ce6b0afde861b2285dda659f8d4fb4,2,"10e26bc782b512e275fe860f2c8330b0b9277410,e55d53905f34f8e8747f6d321e9a695dc02ebb2f",0,,0,,2,"10e26bc782b512e275fe860f2c8330b0b9277410,e55d53905f34f8e8747f6d321e9a695dc02ebb2f",0,,
2013,CVE-2013-0859,6d1c5ea04af3e345232aa70c944de961061dab2d,1,292850b634240045805e3c2001aed6f046034e93,1,a991b1fecbd8c9e6f4fc31c191bd12e4be27dbf7,0,,1,292850b634240045805e3c2001aed6f046034e93,1,a991b1fecbd8c9e6f4fc31c191bd12e4be27dbf7,0.00%
2013,CVE-2013-0860,23318a57358358e7a4dc551e830e4503f0638cfe,2,"46b4feec06035d3507db257eecc762d66e0dd7b6,ac84f2edd443a3f56ff1cb3ee681b05e0782dc3a",0,,0,,2,"ac84f2edd443a3f56ff1cb3ee681b05e0782dc3a,46b4feec06035d3507db257eecc762d66e0dd7b6",0,,
2013,CVE-2013-0861,d270c3202539e8364c46410e15f7570800e33343,1,b437cec143924eb2a7bbcbb7a7ec320d75d2edac,1,de6d9b6404bfd1c589799142da5a95428f146edd,0,,1,b437cec143924eb2a7bbcbb7a7ec320d75d2edac,1,de6d9b6404bfd1c589799142da5a95428f146edd,0.00%
2013,CVE-2013-0862,49b729d3af8464de431362e6c5b3027102bc2f88,1,69254f46286099588514454f60fad12f6e51b2cd,1,69254f46286099588514454f60fad12f6e51b2cd,1,69254f46286099588514454f60fad12f6e51b2cd,0,,0,,100.00%
2013,CVE-2013-0863,7357ca900efcf829de4cce4cec6ddc286526d417,1,69254f46286099588514454f60fad12f6e51b2cd,0,,0,,1,69254f46286099588514454f60fad12f6e51b2cd,0,,
2013,CVE-2013-0864,c10350358da58600884292c08a8690289b81de29,1,9321e93502810e4a3fcaf87bac156dba2fe3b477,1,06d392a7cc93dcab84c225d7e8cb7030d537581f,0,,1,9321e93502810e4a3fcaf87bac156dba2fe3b477,1,06d392a7cc93dcab84c225d7e8cb7030d537581f,0.00%
2013,CVE-2013-0865,ab6c9332bfa1e20127a16392a0b85a4aa4840889,1,5a3a906ba29b53fa34d3047af78d9f8fd7678256,0,,0,,1,5a3a906ba29b53fa34d3047af78d9f8fd7678256,0,,
2013,CVE-2013-0866,96f452ac647dae33c53c242ef3266b65a9beafb6,1,2ef21b91796fb7c614b12141a3b1e18fbec72c8a,0,,0,,1,2ef21b91796fb7c614b12141a3b1e18fbec72c8a,0,,
2013,CVE-2013-0867,11c99c78bafa77f679a1a3ba06ad00984b9a4cae,1,9a57a37b7041581c10629c8241260a5d7bfbc1e7,1,0da71265d84b587c7159cd82708ca60ad050dd4c,0,,1,9a57a37b7041581c10629c8241260a5d7bfbc1e7,1,0da71265d84b587c7159cd82708ca60ad050dd4c,0.00%
2013,CVE-2013-0868,f67a0d115254461649470452058fa3c28c0df294,1,2ca5ca2957607cf9604cc6068a9ebc898ff37b06,1,2ca5ca2957607cf9604cc6068a9ebc898ff37b06,1,2ca5ca2957607cf9604cc6068a9ebc898ff37b06,0,,0,,100.00%
2013,CVE-2013-0868,0dfc01c2bbf4b71bb56201bc4a393321e15d1b31,1,2ca5ca2957607cf9604cc6068a9ebc898ff37b06,1,2ca5ca2957607cf9604cc6068a9ebc898ff37b06,1,2ca5ca2957607cf9604cc6068a9ebc898ff37b06,0,,0,,100.00%
2013,CVE-2013-0869,695af8eed642ff0104834495652d1ee784a4c14d,1,60af6c3138dc501a647bc69b374d5d33d5d86ab5,1,0da71265d84b587c7159cd82708ca60ad050dd4c,0,,1,60af6c3138dc501a647bc69b374d5d33d5d86ab5,1,0da71265d84b587c7159cd82708ca60ad050dd4c,0.00%
2013,CVE-2013-0870,14c8ee00ffd9d45e6e0c6f11a957ce7e56f7eb3a,1,bc15fcb8cfa87ef91e2b00ab5951c5b6dc78e72b,3,"d86053a41689e8a5ed897ef071c62ef3fcdc3655,67335dbce3a905551d43b9eeb49c737278f927c6,b78e7197a81e193827cf2408fe25bc1f14843a72",0,,1,bc15fcb8cfa87ef91e2b00ab5951c5b6dc78e72b,3,"d86053a41689e8a5ed897ef071c62ef3fcdc3655,67335dbce3a905551d43b9eeb49c737278f927c6,b78e7197a81e193827cf2408fe25bc1f14843a72",0.00%
2013,CVE-2013-0872,21cd905cd44a4bbafe8631bbaa6021d328413ce5,2,"834b3760a7ca112573e813bd6c3573a8c0daf4ed,be989f92367839201456c95356f1c4dc13223671",0,,0,,2,"834b3760a7ca112573e813bd6c3573a8c0daf4ed,be989f92367839201456c95356f1c4dc13223671",0,,
2013,CVE-2013-0873,4f1279154ee9baf2078241bf5619774970d18b25,1,85ad569574a1a7d81c48b10e394b1ce7aaca5b7b,0,,0,,1,85ad569574a1a7d81c48b10e394b1ce7aaca5b7b,0,,
2013,CVE-2013-0874,e1219cdaf9fb4bc8cea410e1caf802373c1bfe51,1,75abfab6c6ecd284092bee5e81d35ad7934e2425,1,a991b1fecbd8c9e6f4fc31c191bd12e4be27dbf7,0,,1,75abfab6c6ecd284092bee5e81d35ad7934e2425,1,a991b1fecbd8c9e6f4fc31c191bd12e4be27dbf7,0.00%
2013,CVE-2013-0875,1ac0fa50eff30d413206cffa5f47f7fe6d4849b1,1,f3ac96e4d82ce977fbef0d724b744bd9cbdddb20,2,"406792e7b0f15627411728829c7a2de86fcbe96b,b958a7f1114a49b0a0e36479ba96c83c4fe4c3b3",0,,1,f3ac96e4d82ce977fbef0d724b744bd9cbdddb20,2,"406792e7b0f15627411728829c7a2de86fcbe96b,b958a7f1114a49b0a0e36479ba96c83c4fe4c3b3",0.00%
2013,CVE-2013-0876,5260edee7e5bd975837696c8c8c1a80eb2fbd7c1,2,"365270aec5c2b9284230abc702b11168818f14cf,7357ca900efcf829de4cce4cec6ddc286526d417",1,69254f46286099588514454f60fad12f6e51b2cd,0,,2,"365270aec5c2b9284230abc702b11168818f14cf,7357ca900efcf829de4cce4cec6ddc286526d417",1,69254f46286099588514454f60fad12f6e51b2cd,0.00%
2013,CVE-2013-0877,365270aec5c2b9284230abc702b11168818f14cf,1,69254f46286099588514454f60fad12f6e51b2cd,0,,0,,1,69254f46286099588514454f60fad12f6e51b2cd,0,,
2013,CVE-2013-0878,796012af6c780b5b13ebca39a491f215515a18fe,1,c2eec3df89961d10d455acf1fdbde12c4e7d7227,1,3689cf16497109974777194e6ca18316c758d963,0,,1,c2eec3df89961d10d455acf1fdbde12c4e7d7227,1,3689cf16497109974777194e6ca18316c758d963,0.00%
2013,CVE-2013-0894,2c16bf2de07c68513072bf3cc96401d2c6291a3e,1,07c55d8ea3f952cab2e53db374d28be5e85339ed,0,,0,,1,07c55d8ea3f952cab2e53db374d28be5e85339ed,0,,
2013,CVE-2013-0894,11dcecfcca0eca1a571792c4fa3c21fb2cfddddc,1,07c55d8ea3f952cab2e53db374d28be5e85339ed,0,,0,,1,07c55d8ea3f952cab2e53db374d28be5e85339ed,0,,
2013,CVE-2013-0894,c83002a4f8042ccfa0688a9a18e8fa0369c1fda8,1,8e43b6fed905eb30ae941a3968825d88c78d5a12,1,8e43b6fed905eb30ae941a3968825d88c78d5a12,1,8e43b6fed905eb30ae941a3968825d88c78d5a12,0,,0,,100.00%
2013,CVE-2013-2276,8a6449167a6da8cb747cfe3502ae86ffaac2ed48,1,2fe186409bf3249669271502298bdc8844ce4e0b,1,de6d9b6404bfd1c589799142da5a95428f146edd,0,,1,2fe186409bf3249669271502298bdc8844ce4e0b,1,de6d9b6404bfd1c589799142da5a95428f146edd,0.00%
2013,CVE-2013-2277,bdeb61ccc67911cfc5e20c7cfb1312d0501ca90a,1,e162733dcd217baa9e478818727fdda5cca28d03,1,889fce8e306f15a223d13f8c0dbb211ec4b52fd0,0,,1,e162733dcd217baa9e478818727fdda5cca28d03,1,889fce8e306f15a223d13f8c0dbb211ec4b52fd0,0.00%
2013,CVE-2013-2495,3dbc0ff9c3e6f6e0d08ea3d42cb33761bae084ba,1,183132872a1d8bc8a32e7fd8f994fa2f1b2d6bfc,0,,0,,1,183132872a1d8bc8a32e7fd8f994fa2f1b2d6bfc,0,,
2013,CVE-2013-2496,e398990eb87785e20e065cd3f14d1dbb69df4392,1,44aa9771c98be64e33af605797c08e86ccfdfef0,2,"44aa9771c98be64e33af605797c08e86ccfdfef0,607694c77b245a3d2228c22acd6a4831b7f2bd2d",1,44aa9771c98be64e33af605797c08e86ccfdfef0,0,,1,607694c77b245a3d2228c22acd6a4831b7f2bd2d,100.00%
2013,CVE-2013-3670,c1f2c4c3b49277d65b71ccdd3b6b2878f1b593eb,1,0afcf97e1ece51d29bb791698b00cd1b7ba97dcf,2,"fafa0b75eebff24a721e5d1ccd0b724556e4152a,b78e7197a81e193827cf2408fe25bc1f14843a72",0,,1,0afcf97e1ece51d29bb791698b00cd1b7ba97dcf,2,"fafa0b75eebff24a721e5d1ccd0b724556e4152a,b78e7197a81e193827cf2408fe25bc1f14843a72",0.00%
2013,CVE-2013-3671,7edb984dd051b6919d7d8471c70499273f31b0fa,1,e69263cd01380b7b20b92588dcac324bf776b59f,1,4b45de0e87fd67bab5f4261006130223304ee7a6,0,,1,e69263cd01380b7b20b92588dcac324bf776b59f,1,4b45de0e87fd67bab5f4261006130223304ee7a6,0.00%
2013,CVE-2013-3672,8d3c99e825317b7efda5fd12e69896b47c700303,2,"a55d5bdc6e28a2cfefc440d792de5cc4f02377e2,4e114829b1d03ce4714c45f5d8628d46cc873cc0",0,,0,,2,"a55d5bdc6e28a2cfefc440d792de5cc4f02377e2,4e114829b1d03ce4714c45f5d8628d46cc873cc0",0,,
2013,CVE-2013-3672,70cd3b8e659c3522eea5c16a65d14b8658894a94,1,a55d5bdc6e28a2cfefc440d792de5cc4f02377e2,0,,0,,1,a55d5bdc6e28a2cfefc440d792de5cc4f02377e2,0,,
2013,CVE-2013-3673,d23b8462b5a4a9da78ed45c4a7a3b35d538df909,2,"91499f4ee825502677dfc11b00205538720d0513,2da5a5ce00caebbe3afbda8612588966cfeac477",0,,0,,2,"91499f4ee825502677dfc11b00205538720d0513,2da5a5ce00caebbe3afbda8612588966cfeac477",0,,
2013,CVE-2013-3674,ad002e1a13a8df934bd6cb2c84175a4780ab8942,1,a3d995c1eb98e38186bf9ed677809c442a7dab35,1,a3d995c1eb98e38186bf9ed677809c442a7dab35,1,a3d995c1eb98e38186bf9ed677809c442a7dab35,0,,0,,100.00%
2013,CVE-2013-3674,a1599f3f7ea8478d1f6a95e59e3bc6bc86d5f812,1,a3d995c1eb98e38186bf9ed677809c442a7dab35,2,"2912e87a6c9264d556734e2bf94a99c64cf9b102,a3d995c1eb98e38186bf9ed677809c442a7dab35",1,a3d995c1eb98e38186bf9ed677809c442a7dab35,0,,1,2912e87a6c9264d556734e2bf94a99c64cf9b102,100.00%
2013,CVE-2013-3675,9dd04f6d8cdd1c10c28b2cb4252c1a41df581915,1,69254f46286099588514454f60fad12f6e51b2cd,0,,0,,1,69254f46286099588514454f60fad12f6e51b2cd,0,,
2013,CVE-2013-4263,e43a0a232dbf6d3c161823c2e07c52e76227a1bc,12,"2a06bc10e7cb489c13613ac15c48b274013641d3,eb7e7e82e17b0353fbcfdee616cfe89e525eae53,172505b8bc361e4b08c75baf2d4d94e6c2ac94b9,bff576c779476c5325edb2e90828051138416759,a05a44e205d6ae13d5eb1cd8d4ad2dba6ec940b3,9138f6da4a3ee0d11947b8593db6b6b05e53fbae,0ab9362fcb77c2d442fa20afcc2f1d9151228f06,250b122e3ab12baeef4fb65c4d76df4fc506b899,7a92ec93c6507bd3dea4563ec7a0e3679034fc57,384641468b60f40e9bf9b1f887abd5e3c3a9be1c,e67fdbffe588e6b5bc787457da9d5941657a0029,7e350379f87e7f74420b4813170fe808e2313911",12,"3fa77bde1b1e977b07070c72a9c2aaa5ad7dbf8d,6b61920ab76dc6d85ef462909951923935dd643f,aa0c515a3cfaa4718a7ac7f2b3ea386daf05c019,0ab9362fcb77c2d442fa20afcc2f1d9151228f06,7a92ec93c6507bd3dea4563ec7a0e3679034fc57,3c940173c0ada2d76c83da80aae816f720f3cb3a,dd2793c880ea72c9aacda8245596694d9b4f378c,d5f187fd3355ec6d4922d8479930c10d1b6f9ebf,2701f6cc6aca624e6d26f1bd3bd6190b8024ea6b,a1e171dfee17a9dcc7c5907b16d5c1a2748bfe73,172505b8bc361e4b08c75baf2d4d94e6c2ac94b9,31d8467d82d41d9a6720d4b4bd7bf60eab547d5e",3,"0ab9362fcb77c2d442fa20afcc2f1d9151228f06,7a92ec93c6507bd3dea4563ec7a0e3679034fc57,172505b8bc361e4b08c75baf2d4d94e6c2ac94b9",9,"2a06bc10e7cb489c13613ac15c48b274013641d3,384641468b60f40e9bf9b1f887abd5e3c3a9be1c,9138f6da4a3ee0d11947b8593db6b6b05e53fbae,eb7e7e82e17b0353fbcfdee616cfe89e525eae53,a05a44e205d6ae13d5eb1cd8d4ad2dba6ec940b3,250b122e3ab12baeef4fb65c4d76df4fc506b899,bff576c779476c5325edb2e90828051138416759,e67fdbffe588e6b5bc787457da9d5941657a0029,7e350379f87e7f74420b4813170fe808e2313911",9,"a1e171dfee17a9dcc7c5907b16d5c1a2748bfe73,6b61920ab76dc6d85ef462909951923935dd643f,aa0c515a3cfaa4718a7ac7f2b3ea386daf05c019,31d8467d82d41d9a6720d4b4bd7bf60eab547d5e,3c940173c0ada2d76c83da80aae816f720f3cb3a,dd2793c880ea72c9aacda8245596694d9b4f378c,d5f187fd3355ec6d4922d8479930c10d1b6f9ebf,2701f6cc6aca624e6d26f1bd3bd6190b8024ea6b,3fa77bde1b1e977b07070c72a9c2aaa5ad7dbf8d",25.00%
2013,CVE-2013-4264,2960576378d17d71cc8dccc926352ce568b5eec1,1,2d66a58ccde05e764594bd7e5f0f9244634d0b2c,1,2d66a58ccde05e764594bd7e5f0f9244634d0b2c,1,2d66a58ccde05e764594bd7e5f0f9244634d0b2c,0,,0,,100.00%
2013,CVE-2013-4265,c94f9e854228e0ea00e1de8769d8d3f7cab84a55,1,fbc472da295e50c9bfa667f56a261e4d7acb1ccb,1,d01fe86dac79675da32ee637fc5ee8032b9b5fbf,0,,1,fbc472da295e50c9bfa667f56a261e4d7acb1ccb,1,d01fe86dac79675da32ee637fc5ee8032b9b5fbf,0.00%
2013,CVE-2013-4358,072be3e8969f24113d599444be4d6a0ed04a6602,3,"e5d403720ec4914169f55913a5a5555d908500b6,889fce8e306f15a223d13f8c0dbb211ec4b52fd0,26b4fe821c0a6610e0d5598552e0a0e6114d4046",19,"cfa5a81ea672ac355afad88ea239f7ba5c3d72f0,5509bffa88238d1f445a84a32e3791bfb9e532fd,626464fb53672cd88049f29b7738388360cbd370,ff3d43104fa5df0a3f4b52ff9b989ce2d11ad35d,e5d403720ec4914169f55913a5a5555d908500b6,ba87f0801d77c21eb1e4891ca1f846500bbb0939,6a9c85944427e3c4355bce67d7f677ec69527bff,55b9ef18e4a139fc24a3b695cb3c176f3ced09b8,b78e7197a81e193827cf2408fe25bc1f14843a72,889fce8e306f15a223d13f8c0dbb211ec4b52fd0,188d3c510dd166656223afc5fbcf6c424a41e0ca,199436b952c198e14d53a389438e232ef60f1982,2912e87a6c9264d556734e2bf94a99c64cf9b102,26b4fe821c0a6610e0d5598552e0a0e6114d4046,115329f16062074e11ccf3b89ead6176606c9696,0da71265d84b587c7159cd82708ca60ad050dd4c,737eb5976f6a37703923ce3c3d5e6ca8eeabb43a,40e5d31b576fcd0674acf35ce2120242a72dd801,369122dd775c906be06b9c96f03eaedaedb91658",3,"e5d403720ec4914169f55913a5a5555d908500b6,889fce8e306f15a223d13f8c0dbb211ec4b52fd0,26b4fe821c0a6610e0d5598552e0a0e6114d4046",0,,16,"cfa5a81ea672ac355afad88ea239f7ba5c3d72f0,5509bffa88238d1f445a84a32e3791bfb9e532fd,626464fb53672cd88049f29b7738388360cbd370,ff3d43104fa5df0a3f4b52ff9b989ce2d11ad35d,ba87f0801d77c21eb1e4891ca1f846500bbb0939,6a9c85944427e3c4355bce67d7f677ec69527bff,55b9ef18e4a139fc24a3b695cb3c176f3ced09b8,b78e7197a81e193827cf2408fe25bc1f14843a72,115329f16062074e11ccf3b89ead6176606c9696,188d3c510dd166656223afc5fbcf6c424a41e0ca,0da71265d84b587c7159cd82708ca60ad050dd4c,737eb5976f6a37703923ce3c3d5e6ca8eeabb43a,199436b952c198e14d53a389438e232ef60f1982,40e5d31b576fcd0674acf35ce2120242a72dd801,2912e87a6c9264d556734e2bf94a99c64cf9b102,369122dd775c906be06b9c96f03eaedaedb91658",100.00%
2013,CVE-2013-7008,29ffeef5e73b8f41ff3a3f2242d356759c66f91f,1,ba0c8981200df2ac828df3db981a8181b0793e5b,2,"0da71265d84b587c7159cd82708ca60ad050dd4c,d5ec00ba57d8e20aeddca88281a4441c5d80d9f7",0,,1,ba0c8981200df2ac828df3db981a8181b0793e5b,2,"0da71265d84b587c7159cd82708ca60ad050dd4c,d5ec00ba57d8e20aeddca88281a4441c5d80d9f7",0.00%
2013,CVE-2013-7009,3819db745da2ac7fb3faacb116788c32f4753f34,1,2fdf638b0c66c22357d56f7cb205dd241b4a8c58,1,2fdf638b0c66c22357d56f7cb205dd241b4a8c58,1,2fdf638b0c66c22357d56f7cb205dd241b4a8c58,0,,0,,100.00%
2013,CVE-2013-7010,454a11a1c9c686c78aa97954306fb63453299760,1,469bd7b150f1016d5335b846801898792502a817,1,de6d9b6404bfd1c589799142da5a95428f146edd,0,,1,469bd7b150f1016d5335b846801898792502a817,1,de6d9b6404bfd1c589799142da5a95428f146edd,0.00%
2013,CVE-2013-7011,547d690d676064069d44703a1917e0dab7e33445,1,e4255eaf47373c0c1691cbcbc0816253e938b662,2,"2c1a215ddb8bfa07f33b28ac6e7c587fac6448c2,e4255eaf47373c0c1691cbcbc0816253e938b662",1,e4255eaf47373c0c1691cbcbc0816253e938b662,0,,1,2c1a215ddb8bfa07f33b28ac6e7c587fac6448c2,100.00%
2013,CVE-2013-7012,780669ef7c23c00836a24921fcc6b03be2b8ca4a,1,278a923c51187d37445d88a6b21082036ec9568d,0,,0,,1,278a923c51187d37445d88a6b21082036ec9568d,0,,
2013,CVE-2013-7013,821a5938d100458f4d09d634041b05c860554ce0,1,2d66a58ccde05e764594bd7e5f0f9244634d0b2c,1,2d66a58ccde05e764594bd7e5f0f9244634d0b2c,1,2d66a58ccde05e764594bd7e5f0f9244634d0b2c,0,,0,,100.00%
2013,CVE-2013-7014,86736f59d6a527d8bc807d09b93f971c0fe0bb07,1,e92003514d7aab25d56e2d827820f47755d397ec,1,e92003514d7aab25d56e2d827820f47755d397ec,1,e92003514d7aab25d56e2d827820f47755d397ec,0,,0,,100.00%
2013,CVE-2013-7015,880c73cd76109697447fbfbaa8e5ee5683309446,1,c2d23309ef87c3f1a515860425a5a898aab9b760,0,,0,,1,c2d23309ef87c3f1a515860425a5a898aab9b760,0,,
2013,CVE-2013-7016,8bb11c3ca77b52e05a9ed1496a65f8a76e6e2d8f,1,5cd57e8758e336e86698d4994ee088077869e42d,1,c81a70638116eaf4251075475e5cbb600a33c5ec,0,,1,5cd57e8758e336e86698d4994ee088077869e42d,1,c81a70638116eaf4251075475e5cbb600a33c5ec,0.00%
2013,CVE-2013-7017,912ce9dd2080c5837285a471d750fa311e09b555,1,c81a70638116eaf4251075475e5cbb600a33c5ec,2,"c81a70638116eaf4251075475e5cbb600a33c5ec,e2e9bee2daef9d5d5169f5360737eec8b76d7e0c",1,c81a70638116eaf4251075475e5cbb600a33c5ec,0,,1,e2e9bee2daef9d5d5169f5360737eec8b76d7e0c,100.00%
2013,CVE-2013-7018,9a271a9368eaabf99e6c2046103acb33957e63b7,1,c81a70638116eaf4251075475e5cbb600a33c5ec,0,,0,,1,c81a70638116eaf4251075475e5cbb600a33c5ec,0,,
2013,CVE-2013-7019,a1b9004b768bef606ee98d417bceb9392ceb788d,1,c81a70638116eaf4251075475e5cbb600a33c5ec,1,c81a70638116eaf4251075475e5cbb600a33c5ec,1,c81a70638116eaf4251075475e5cbb600a33c5ec,0,,0,,100.00%
2013,CVE-2013-7020,b05cd1ea7e45a836f7f6071a716c38bb30326e0f,1,547d690d676064069d44703a1917e0dab7e33445,2,"2c1a215ddb8bfa07f33b28ac6e7c587fac6448c2,e4255eaf47373c0c1691cbcbc0816253e938b662",0,,1,547d690d676064069d44703a1917e0dab7e33445,2,"2c1a215ddb8bfa07f33b28ac6e7c587fac6448c2,e4255eaf47373c0c1691cbcbc0816253e938b662",0.00%
2013,CVE-2013-7020,da7d839a0d3ec40423a665dc85e0cfaed3f92eb8,1,71f7b22dba60524b2285643ae0b49d8f64977129,2,"0f13cd3187192ba0cc2b043430de6e279e7b97c3,71f7b22dba60524b2285643ae0b49d8f64977129",1,71f7b22dba60524b2285643ae0b49d8f64977129,0,,1,0f13cd3187192ba0cc2b043430de6e279e7b97c3,100.00%
2013,CVE-2013-7021,cdd5df8189ff1537f7abe8defe971f80602cc2d2,1,54c5dd89e3125c1f363fe8f95d2837a796967c6e,1,54c5dd89e3125c1f363fe8f95d2837a796967c6e,1,54c5dd89e3125c1f363fe8f95d2837a796967c6e,0,,0,,100.00%
2013,CVE-2013-7022,e07ac727c1cc9eed39e7f9117c97006f719864bd,1,2d66a58ccde05e764594bd7e5f0f9244634d0b2c,1,2d66a58ccde05e764594bd7e5f0f9244634d0b2c,1,2d66a58ccde05e764594bd7e5f0f9244634d0b2c,0,,0,,100.00%
2013,CVE-2013-7023,f31011e9abfb2ae75bb32bc44e2c34194c8dc40a,1,1f96bafb27a1a201dc0bfd299bea7c0a2d8370dc,2,"8424cf505c2b7bb6f26addcc3fe1e8dbfa17df1d,406792e7b0f15627411728829c7a2de86fcbe96b",0,,1,1f96bafb27a1a201dc0bfd299bea7c0a2d8370dc,2,"8424cf505c2b7bb6f26addcc3fe1e8dbfa17df1d,406792e7b0f15627411728829c7a2de86fcbe96b",0.00%
2013,CVE-2013-7024,fe448cd28d674c3eff3072552eae366d0b659ce9,2,"1434df3b93fde086be729d174ffbbee1e25792b3,fc6de70c44be05eb0368ab519bfb790431d8dee5",1,c81a70638116eaf4251075475e5cbb600a33c5ec,0,,2,"1434df3b93fde086be729d174ffbbee1e25792b3,fc6de70c44be05eb0368ab519bfb790431d8dee5",1,c81a70638116eaf4251075475e5cbb600a33c5ec,0.00%
2014,CVE-2014-2097,f58eab151214d2d35ff0973f2b3e51c5eb372da4,1,56519d7d14ac73580dd2b99e2789e33c19674f28,1,d7a473926504e2acfa6ae3bead0938e1f4e03441,0,,1,56519d7d14ac73580dd2b99e2789e33c19674f28,1,d7a473926504e2acfa6ae3bead0938e1f4e03441,0.00%
2014,CVE-2014-2098,ec9578d54d09b64bf112c2bf7a34b1ef3b93dbd3,1,123b1fac5c0a18061d7fa9a7869e537e81d16506,2,"9d25f1f6194dba9cfd60c0596aa59ad145d61382,123b1fac5c0a18061d7fa9a7869e537e81d16506",1,123b1fac5c0a18061d7fa9a7869e537e81d16506,0,,1,9d25f1f6194dba9cfd60c0596aa59ad145d61382,100.00%
2014,CVE-2014-2099,c919e1ca2ecfc47d796382973ba0e48b8f6f92a2,1,2fdf638b0c66c22357d56f7cb205dd241b4a8c58,1,2fdf638b0c66c22357d56f7cb205dd241b4a8c58,1,2fdf638b0c66c22357d56f7cb205dd241b4a8c58,0,,0,,100.00%
2014,CVE-2014-2263,842b6c14bcfc1c5da1a2d288fd65386eb8c158ad,1,5dbafeb7ba02e01d4b59b840099d94bb3ee11341,3,"406792e7b0f15627411728829c7a2de86fcbe96b,7fbde3431a9e4ce5d14d608a615e45409fad6234,5dbafeb7ba02e01d4b59b840099d94bb3ee11341",1,5dbafeb7ba02e01d4b59b840099d94bb3ee11341,0,,2,"406792e7b0f15627411728829c7a2de86fcbe96b,7fbde3431a9e4ce5d14d608a615e45409fad6234",100.00%
2014,CVE-2014-4609,d6af26c55c1ea30f85a7d9edbc373f53be1743ee,1,517840c65434b42fb8784ad1ce4a0301d5d6c36d,1,517840c65434b42fb8784ad1ce4a0301d5d6c36d,1,517840c65434b42fb8784ad1ce4a0301d5d6c36d,0,,0,,100.00%
2014,CVE-2014-4609,ccda51b14c0fcae2fad73a24872dce75a7964996,1,c08536979be1a4e9a29e3ee7a6b79f6d73bb12d2,1,517840c65434b42fb8784ad1ce4a0301d5d6c36d,0,,1,c08536979be1a4e9a29e3ee7a6b79f6d73bb12d2,1,517840c65434b42fb8784ad1ce4a0301d5d6c36d,0.00%
2014,CVE-2014-4610,d6af26c55c1ea30f85a7d9edbc373f53be1743ee,1,517840c65434b42fb8784ad1ce4a0301d5d6c36d,1,517840c65434b42fb8784ad1ce4a0301d5d6c36d,1,517840c65434b42fb8784ad1ce4a0301d5d6c36d,0,,0,,100.00%
2014,CVE-2014-5271,52b81ff4635c077b2bc8b8d3637d933b6629d803,1,1a265f6187e9036b649fc08f8293b5e1fcd8dfbe,1,6cb2085278bdd3ee83d5ed528d98c78756ee7277,0,,1,1a265f6187e9036b649fc08f8293b5e1fcd8dfbe,1,6cb2085278bdd3ee83d5ed528d98c78756ee7277,0.00%
2014,CVE-2014-5272,3539d6c63a16e1b2874bb037a86f317449c58770,1,7016aa655b100d4582036b63fd7d6de1cec552fa,2,"b9e06dddb7d5ac3c5c75377fa796b267427679d9,0b14c197f1fffb4fe435e8107c903a3ab53c9557",0,,1,7016aa655b100d4582036b63fd7d6de1cec552fa,2,"b9e06dddb7d5ac3c5c75377fa796b267427679d9,0b14c197f1fffb4fe435e8107c903a3ab53c9557",0.00%
2014,CVE-2014-7937,8c50704ebf1777bee76772c4835d9760b3721057,5,"ae038c0914460646503be083e30e3971093239a1,98186578a2a21af5bfe6dd71d222dc270f763c7d,ddf1b4a2f8a680126eb611428e4f47e6e5b8c6c0,db347280eb3746d7b70888db97f1efe5f06f5624,36f10380043c8b8c5cbf8c1add8695089cdaa341",3,"07c55d8ea3f952cab2e53db374d28be5e85339ed,a7adcf29cf4674d45cbc885b1eda6c22657a224b,ba87f0801d77c21eb1e4891ca1f846500bbb0939",0,,5,"ae038c0914460646503be083e30e3971093239a1,98186578a2a21af5bfe6dd71d222dc270f763c7d,ddf1b4a2f8a680126eb611428e4f47e6e5b8c6c0,db347280eb3746d7b70888db97f1efe5f06f5624,36f10380043c8b8c5cbf8c1add8695089cdaa341",3,"07c55d8ea3f952cab2e53db374d28be5e85339ed,a7adcf29cf4674d45cbc885b1eda6c22657a224b,ba87f0801d77c21eb1e4891ca1f846500bbb0939",0.00%
2014,CVE-2014-8541,5c378d6a6df8243f06c87962b873bd563e58cd39,1,4922a5b0ee9108e406b8b14356f19851702604d1,2,"406792e7b0f15627411728829c7a2de86fcbe96b,4922a5b0ee9108e406b8b14356f19851702604d1",1,4922a5b0ee9108e406b8b14356f19851702604d1,0,,1,406792e7b0f15627411728829c7a2de86fcbe96b,100.00%
2014,CVE-2014-8542,105654e376a736d243aef4a1d121abebce912e6b,1,d99fbbf4d7e3f6abea0d052849a515730f552608,0,,0,,1,d99fbbf4d7e3f6abea0d052849a515730f552608,0,,
2014,CVE-2014-8543,8b0e96e1f21b761ca15dbb470cd619a1ebf86c3e,1,4e114829b1d03ce4714c45f5d8628d46cc873cc0,1,4e114829b1d03ce4714c45f5d8628d46cc873cc0,1,4e114829b1d03ce4714c45f5d8628d46cc873cc0,0,,0,,100.00%
2014,CVE-2014-8544,e1c0cfaa419aa5d320540d5a1b3f8fd9b82ab7e5,1,a991b1fecbd8c9e6f4fc31c191bd12e4be27dbf7,1,a991b1fecbd8c9e6f4fc31c191bd12e4be27dbf7,1,a991b1fecbd8c9e6f4fc31c191bd12e4be27dbf7,0,,0,,100.00%
2014,CVE-2014-8545,3e2b745020c2dbf0201fe7df3dad9e7e0b2e1bb6,1,613cbf31680324fd73558f0e4ad36f1eb062221e,1,b958a7f1114a49b0a0e36479ba96c83c4fe4c3b3,0,,1,613cbf31680324fd73558f0e4ad36f1eb062221e,1,b958a7f1114a49b0a0e36479ba96c83c4fe4c3b3,0.00%
2014,CVE-2014-8546,e7e5114c506957f40aafd794e06de1a7e341e9d5,1,2a0dbb1efc1f019560ef72406771fd38962c3408,1,2fdf638b0c66c22357d56f7cb205dd241b4a8c58,0,,1,2a0dbb1efc1f019560ef72406771fd38962c3408,1,2fdf638b0c66c22357d56f7cb205dd241b4a8c58,0.00%
2014,CVE-2014-8547,8f1457864be8fb9653643519dea1c6492f1dde57,1,06d392a7cc93dcab84c225d7e8cb7030d537581f,3,"91499f4ee825502677dfc11b00205538720d0513,406792e7b0f15627411728829c7a2de86fcbe96b,06d392a7cc93dcab84c225d7e8cb7030d537581f",1,06d392a7cc93dcab84c225d7e8cb7030d537581f,0,,2,"91499f4ee825502677dfc11b00205538720d0513,406792e7b0f15627411728829c7a2de86fcbe96b",100.00%
2014,CVE-2014-8548,c727401aa9d62335e89d118a5b4e202edf39d905,1,11e29a414359de4cde7c44bdce62cdf2b4363ab2,1,11e29a414359de4cde7c44bdce62cdf2b4363ab2,1,11e29a414359de4cde7c44bdce62cdf2b4363ab2,0,,0,,100.00%
2014,CVE-2014-8549,550f3e9df3410b3dd975e590042c0d83e20a8da3,1,e2834567d73bd1e46478ba67ac133cb8ef5f50fd,0,,0,,1,e2834567d73bd1e46478ba67ac133cb8ef5f50fd,0,,
2014,CVE-2014-9316,0eecf40935b22644e6cd74c586057237ecfd6844,1,4922a5b0ee9108e406b8b14356f19851702604d1,2,"406792e7b0f15627411728829c7a2de86fcbe96b,4922a5b0ee9108e406b8b14356f19851702604d1",1,4922a5b0ee9108e406b8b14356f19851702604d1,0,,1,406792e7b0f15627411728829c7a2de86fcbe96b,100.00%
2014,CVE-2014-9317,79ceaf827be0b070675d4cd0a55c3386542defd8,1,1523d1484d2e0cc59315df6713a391e5b0154ff7,0,,0,,1,1523d1484d2e0cc59315df6713a391e5b0154ff7,0,,
2014,CVE-2014-9318,1d3a3b9f8907625b361420d48fe05716859620ff,1,1587989518cd61bae3d1b234efd82cd3b11580dd,0,,0,,1,1587989518cd61bae3d1b234efd82cd3b11580dd,0,,
2014,CVE-2014-9319,ea38e5a6b75706477898eb1e6582d667dbb9946c,1,c8dd048ab8cff815c9f4b16a62db0b74df011f0a,0,,0,,1,c8dd048ab8cff815c9f4b16a62db0b74df011f0a,0,,
2014,CVE-2014-9602,93a5a16f136d095d23610f57bdad10ba88120fba,1,6369a7b742bd64e7ded377fe79a5d723379ce08d,1,cd559bb49a3417ab1ca75df3de0029300e5095df,0,,1,6369a7b742bd64e7ded377fe79a5d723379ce08d,1,cd559bb49a3417ab1ca75df3de0029300e5095df,0.00%
2014,CVE-2014-9603,3030fb7e0d41836f8add6399e9a7c7b740b48bfd,1,0aed0bfc62b273a780a2bfba3be56039fccd7423,0,,0,,1,0aed0bfc62b273a780a2bfba3be56039fccd7423,0,,
2014,CVE-2014-9604,3881606240953b9275a247a1c98a567f3c44890f,3,"b5c3f0b9940f964cdcaf33907eee91f9826c00b8,0d8506b8c52659c5bfff9535391d5e95ddcd45f1,490dcda6b6051066ad7d83979d81db5506f9b3eb",0,,0,,3,"b5c3f0b9940f964cdcaf33907eee91f9826c00b8,0d8506b8c52659c5bfff9535391d5e95ddcd45f1,490dcda6b6051066ad7d83979d81db5506f9b3eb",0,,
2015,CVE-2015-1872,fabbfaa095660982cc0bc63242c459561fa37037,2,"254f653b24cd110fb452531bcad13083d592354e,4922a5b0ee9108e406b8b14356f19851702604d1",1,4922a5b0ee9108e406b8b14356f19851702604d1,1,4922a5b0ee9108e406b8b14356f19851702604d1,1,254f653b24cd110fb452531bcad13083d592354e,0,,50.00%
2015,CVE-2015-3395,f7e1367f58263593e6cee3c282f7277d7ee9d553,1,44aa9771c98be64e33af605797c08e86ccfdfef0,2,"44aa9771c98be64e33af605797c08e86ccfdfef0,607694c77b245a3d2228c22acd6a4831b7f2bd2d",1,44aa9771c98be64e33af605797c08e86ccfdfef0,0,,1,607694c77b245a3d2228c22acd6a4831b7f2bd2d,100.00%
2015,CVE-2015-3417,e8714f6f93d1a32f4e4655209960afcf4c185214,2,"5d1c2e53ab3ce27b48c138d22bb01ff8e8304f27,2c541554076cc8a72e7145d4da30389ca763f32f",0,,0,,2,"5d1c2e53ab3ce27b48c138d22bb01ff8e8304f27,2c541554076cc8a72e7145d4da30389ca763f32f",0,,
2015,CVE-2015-6761,dabea74d0e82ea80cd344f630497cafcb3ef872c,1,ac4b32df71bd932838043a4838b86d11e169707f,1,32f3c541bcddd1313212792c78c5ae643570b904,0,,1,ac4b32df71bd932838043a4838b86d11e169707f,1,32f3c541bcddd1313212792c78c5ae643570b904,0.00%
2015,CVE-2015-6818,47f4e2d8960ca756ca153ab8e3e93d80449b8c91,1,79ceaf827be0b070675d4cd0a55c3386542defd8,0,,0,,1,79ceaf827be0b070675d4cd0a55c3386542defd8,0,,
2015,CVE-2015-6819,84afc6b70d24fc0bf686e43138c96cf60a9445fe,1,b1fbe29e51c4bda5419eb7b9239acf8055e7b0e8,2,"406792e7b0f15627411728829c7a2de86fcbe96b,4922a5b0ee9108e406b8b14356f19851702604d1",0,,1,b1fbe29e51c4bda5419eb7b9239acf8055e7b0e8,2,"406792e7b0f15627411728829c7a2de86fcbe96b,4922a5b0ee9108e406b8b14356f19851702604d1",0.00%
2015,CVE-2015-6820,79a98294da6cd85f8c86b34764c5e0c43b09eea3,2,"ed492b61dbe64ef8c25eb1e72ac7ca4e9df9bbd6,0cb93dacee45d3d767b4470e6a9b43b17e5220c4",0,,0,,2,"ed492b61dbe64ef8c25eb1e72ac7ca4e9df9bbd6,0cb93dacee45d3d767b4470e6a9b43b17e5220c4",0,,
2015,CVE-2015-6821,b160fc290cf49b516c5b6ee0730fd9da7fc623b1,1,1b3439b3055b083df51d7f7838ecc6b3f708b15c,3,"406792e7b0f15627411728829c7a2de86fcbe96b,de6d9b6404bfd1c589799142da5a95428f146edd,8f2ab83318444cfc532072c16cde4950bdf01641",0,,1,1b3439b3055b083df51d7f7838ecc6b3f708b15c,3,"406792e7b0f15627411728829c7a2de86fcbe96b,de6d9b6404bfd1c589799142da5a95428f146edd,8f2ab83318444cfc532072c16cde4950bdf01641",0.00%
2015,CVE-2015-6822,39bbdebb1ed8eb9c9b0cd6db85afde6ba89d86e4,2,"f0d9ccac893758b3e34477fb81453b3bae092121,69254f46286099588514454f60fad12f6e51b2cd",0,,0,,2,"f0d9ccac893758b3e34477fb81453b3bae092121,69254f46286099588514454f60fad12f6e51b2cd",0,,
2015,CVE-2015-6823,f7068bf277a37479aecde2832208d820682b35e6,1,836e8b9ba0d80ce03b0664f97245f8f3ac43d145,0,,0,,1,836e8b9ba0d80ce03b0664f97245f8f3ac43d145,0,,
2015,CVE-2015-6824,a5d44d5c220e12ca0cb7a4eceb0f74759cb13111,1,d49352c7cc22fd8928a761a373c3508be17c9f19,1,a4388ebd37e42721e294946721d5c008ca0b3e66,0,,1,d49352c7cc22fd8928a761a373c3508be17c9f19,1,a4388ebd37e42721e294946721d5c008ca0b3e66,0.00%
2015,CVE-2015-6825,f1a38264f20382731cf2cc75fdd98f4c9a84a626,1,38ecc3702dabbea09230f6d6333f59e74f5d1c12,0,,0,,1,38ecc3702dabbea09230f6d6333f59e74f5d1c12,0,,
2015,CVE-2015-6826,3197c0aa87a3b7190e17d49e6fbc7b554e4b3f0a,1,9472d37d8e137df1e78e973b8b0e0d5607a799d5,0,,0,,1,9472d37d8e137df1e78e973b8b0e0d5607a799d5,0,,
2015,CVE-2015-8216,d24888ef19ba38b787b11d1ee091a3d94920c76a,1,465eb0eb48a14f5308d7fa52c388e7be7170cc3e,1,4922a5b0ee9108e406b8b14356f19851702604d1,0,,1,465eb0eb48a14f5308d7fa52c388e7be7170cc3e,1,4922a5b0ee9108e406b8b14356f19851702604d1,0.00%
2015,CVE-2015-8217,93f30f825c08477fe8f76be00539e96014cc83c8,1,c8dd048ab8cff815c9f4b16a62db0b74df011f0a,0,,0,,1,c8dd048ab8cff815c9f4b16a62db0b74df011f0a,0,,
2015,CVE-2015-8218,d4a731b84a08f0f3839eaaaf82e97d8d9c67da46,1,b2e95e012c3c857eb1f8fddc7a41c0c4f0581f30,0,,0,,1,b2e95e012c3c857eb1f8fddc7a41c0c4f0581f30,0,,
2015,CVE-2015-8219,43492ff3ab68a343c1264801baa1d5a02de10167,1,6c4a2f11ddde59719e672a09d519f031a2d3a20c,1,c81a70638116eaf4251075475e5cbb600a33c5ec,0,,1,6c4a2f11ddde59719e672a09d519f031a2d3a20c,1,c81a70638116eaf4251075475e5cbb600a33c5ec,0.00%
2015,CVE-2015-8363,44a7f17d0b20e6f8d836b2957e3e357b639f19a2,1,c81a70638116eaf4251075475e5cbb600a33c5ec,0,,0,,1,c81a70638116eaf4251075475e5cbb600a33c5ec,0,,
2015,CVE-2015-8364,df91aa034b82b77a3c4e01791f4a2b2ff6c82066,1,1cf3168516cb4a3d6042f154653d46938f9d5168,1,1cf3168516cb4a3d6042f154653d46938f9d5168,1,1cf3168516cb4a3d6042f154653d46938f9d5168,0,,0,,100.00%
2015,CVE-2015-8365,4a9af07a49295e014b059c1ab624c40345af5892,2,"0eea212943544d40f99b05571aa7159d78667154,903b62cc0b883094b3e0330c7fe87ca4a5ace91e",0,,0,,2,"0eea212943544d40f99b05571aa7159d78667154,903b62cc0b883094b3e0330c7fe87ca4a5ace91e",0,,
2015,CVE-2015-8661,4ea4d2f438c9a7eba37980c9a87be4b34943e4d5,1,f51d0f39c0fb3470d6b186974109428da91f1d1b,0,,0,,1,f51d0f39c0fb3470d6b186974109428da91f1d1b,0,,
2015,CVE-2015-8662,75422280fbcdfbe9dc56bde5525b4d8b280f1bc5,1,c81a70638116eaf4251075475e5cbb600a33c5ec,0,,0,,1,c81a70638116eaf4251075475e5cbb600a33c5ec,0,,
2015,CVE-2015-8663,abee0a1c60612e8638640a8a3738fffb65e16dbf,1,1ec94b0f066f14153d86395980a31b7466de3d9d,1,de6d9b6404bfd1c589799142da5a95428f146edd,0,,1,1ec94b0f066f14153d86395980a31b7466de3d9d,1,de6d9b6404bfd1c589799142da5a95428f146edd,0.00%
2016,CVE-2016-10190,2a05c8f813de6f2278827734bf8102291e7484aa,1,7995ed8e69a78fae1da3a210c81d9c0a24f752d3,7,"406792e7b0f15627411728829c7a2de86fcbe96b,6bab3430a775183f2f9acbd91d1376c71e87c026,ce2e858f5b3416c2d54f7f8c14e901f75c48b785,558b86a5d03690b359f5a84ba1cd3222055e55fb,bdbab4a351591304be07586fe55b8b9f01be28e3,3240e69de6d37155bfdaf61a9828bfa0a296c326,245976da2a7f9a4a03dfb6903e9437b7cf2967f4",0,,1,7995ed8e69a78fae1da3a210c81d9c0a24f752d3,7,"406792e7b0f15627411728829c7a2de86fcbe96b,6bab3430a775183f2f9acbd91d1376c71e87c026,558b86a5d03690b359f5a84ba1cd3222055e55fb,ce2e858f5b3416c2d54f7f8c14e901f75c48b785,3240e69de6d37155bfdaf61a9828bfa0a296c326,245976da2a7f9a4a03dfb6903e9437b7cf2967f4,bdbab4a351591304be07586fe55b8b9f01be28e3",0.00%
2016,CVE-2016-10191,7d57ca4d9a75562fa32e40766211de150f8b3ee7,1,e6b244a3b986e513779aec83beab4fb25a130aa2,0,,0,,1,e6b244a3b986e513779aec83beab4fb25a130aa2,0,,
2016,CVE-2016-10192,a5d25faa3f4b18dac737fdb35d0dd68eb0dc2156,1,19c8c4ecf4e26762327a472dcf34132ceb196e30,1,85f07f223de9fbeb2b9d66db11f89091ac717926,0,,1,19c8c4ecf4e26762327a472dcf34132ceb196e30,1,85f07f223de9fbeb2b9d66db11f89091ac717926,0.00%
2016,CVE-2016-1528,c727401aa9d62335e89d118a5b4e202edf39d905,1,11e29a414359de4cde7c44bdce62cdf2b4363ab2,1,11e29a414359de4cde7c44bdce62cdf2b4363ab2,1,11e29a414359de4cde7c44bdce62cdf2b4363ab2,0,,0,,100.00%
2016,CVE-2016-1528,d99fbbf4d7e3f6abea0d052849a515730f552608,1,f0bbfc4a201dccb86a76470402ff428f69a969e7,0,,0,,1,f0bbfc4a201dccb86a76470402ff428f69a969e7,0,,
2016,CVE-2016-1897,6ba42b6482c725a59eb468391544dc0c75b8c6f0,1,7145e80b4f78cff5ed5fee04d4c4d53daaa0e077,0,,0,,1,7145e80b4f78cff5ed5fee04d4c4d53daaa0e077,0,,
2016,CVE-2016-1897,7145e80b4f78cff5ed5fee04d4c4d53daaa0e077,1,0c73a5a53cc97f4291bbe9e1e68226edf6161744,0,,0,,1,0c73a5a53cc97f4291bbe9e1e68226edf6161744,0,,
2016,CVE-2016-1897,cfda1bea4c18ec1edbc11ecc465f788b02851488,1,7145e80b4f78cff5ed5fee04d4c4d53daaa0e077,1,cd223e0b4e1371d12d6cbb36bb66afdc40fd6281,0,,1,7145e80b4f78cff5ed5fee04d4c4d53daaa0e077,1,cd223e0b4e1371d12d6cbb36bb66afdc40fd6281,0.00%
2016,CVE-2016-1898,6ba42b6482c725a59eb468391544dc0c75b8c6f0,1,7145e80b4f78cff5ed5fee04d4c4d53daaa0e077,0,,0,,1,7145e80b4f78cff5ed5fee04d4c4d53daaa0e077,0,,
2016,CVE-2016-1898,7145e80b4f78cff5ed5fee04d4c4d53daaa0e077,1,0c73a5a53cc97f4291bbe9e1e68226edf6161744,0,,0,,1,0c73a5a53cc97f4291bbe9e1e68226edf6161744,0,,
2016,CVE-2016-1898,cfda1bea4c18ec1edbc11ecc465f788b02851488,1,7145e80b4f78cff5ed5fee04d4c4d53daaa0e077,1,cd223e0b4e1371d12d6cbb36bb66afdc40fd6281,0,,1,7145e80b4f78cff5ed5fee04d4c4d53daaa0e077,1,cd223e0b4e1371d12d6cbb36bb66afdc40fd6281,0.00%
2016,CVE-2016-2213,0aada30510d809bccfd539a90ea37b61188f2cb4,1,99de97cabf35c035b628943b865ab991583a6ea5,1,c81a70638116eaf4251075475e5cbb600a33c5ec,0,,1,99de97cabf35c035b628943b865ab991583a6ea5,1,c81a70638116eaf4251075475e5cbb600a33c5ec,0.00%
2016,CVE-2016-2326,7c0b84d89911b2035161f5ef51aafbfcc84aa9e2,1,1ceff0859df1c4f6bfacd6c1cd9dbdcceb039423,0,,0,,1,1ceff0859df1c4f6bfacd6c1cd9dbdcceb039423,0,,
2016,CVE-2016-2327,7ec9c5ce8a753175244da971fed9f1e25aef7971,1,51ca70322296f59666dda6c59bfa35ff9bf17dd5,2,"406792e7b0f15627411728829c7a2de86fcbe96b,b958a7f1114a49b0a0e36479ba96c83c4fe4c3b3",0,,1,51ca70322296f59666dda6c59bfa35ff9bf17dd5,2,"406792e7b0f15627411728829c7a2de86fcbe96b,b958a7f1114a49b0a0e36479ba96c83c4fe4c3b3",0.00%
2016,CVE-2016-2327,8f4c3e4b92212d98f5b9ca2dee13e076effe9589,1,51ca70322296f59666dda6c59bfa35ff9bf17dd5,1,b958a7f1114a49b0a0e36479ba96c83c4fe4c3b3,0,,1,51ca70322296f59666dda6c59bfa35ff9bf17dd5,1,b958a7f1114a49b0a0e36479ba96c83c4fe4c3b3,0.00%
2016,CVE-2016-2328,757248ea3cd917a7755cb15f817a9b1f15578718,1,02b63246cf7f2c38e83defdbba0647ad24be8369,1,6af2801088aef6dd7aa688e88073f13bc7a8a4f4,0,,1,02b63246cf7f2c38e83defdbba0647ad24be8369,1,6af2801088aef6dd7aa688e88073f13bc7a8a4f4,0.00%
2016,CVE-2016-2328,ad3b6fa7d83db7de951ed891649af93a47e74be5,1,02b63246cf7f2c38e83defdbba0647ad24be8369,1,6af2801088aef6dd7aa688e88073f13bc7a8a4f4,0,,1,02b63246cf7f2c38e83defdbba0647ad24be8369,1,6af2801088aef6dd7aa688e88073f13bc7a8a4f4,0.00%
2016,CVE-2016-2329,89f464e9c229006e16f6bb5403c5529fdd0a9edd,1,1ca21e1b767a3ec77b02eec903a14b6bc658a485,1,a991b1fecbd8c9e6f4fc31c191bd12e4be27dbf7,0,,1,1ca21e1b767a3ec77b02eec903a14b6bc658a485,1,a991b1fecbd8c9e6f4fc31c191bd12e4be27dbf7,0.00%
2016,CVE-2016-2330,03d83ba34b2070878909eae18dfac0f519503777,1,f38e450746ca52c7965146ebdbcdd4cc30ad1fd9,2,"93481fe5fe092d2646a2ae6cccc4ffaaec5b0297,406792e7b0f15627411728829c7a2de86fcbe96b",0,,1,f38e450746ca52c7965146ebdbcdd4cc30ad1fd9,2,"93481fe5fe092d2646a2ae6cccc4ffaaec5b0297,406792e7b0f15627411728829c7a2de86fcbe96b",0.00%
2016,CVE-2016-3062,689e59b7ffed34eba6159dcc78e87133862e3746,2,"0d8f0abfb94b4f6f6026a8c4867337438a675acf,221e21b70d4923ab0adb08a08ade15da68e265fb",0,,0,,2,"0d8f0abfb94b4f6f6026a8c4867337438a675acf,221e21b70d4923ab0adb08a08ade15da68e265fb",0,,
2016,CVE-2016-5199,347cb14b7cba7560e53f4434b419b9d8800253e7,1,9ea812692c38c58a343cec5f66e8949655906edc,1,6cea494e32f06330d0512602b5ec3a6df6252e11,0,,1,9ea812692c38c58a343cec5f66e8949655906edc,1,6cea494e32f06330d0512602b5ec3a6df6252e11,0.00%
2016,CVE-2016-6164,8a3221cc67a516dfc1700bdae3566ec52c7ee823,1,987e857f638bff63f11905d06466e198a9765f65,1,6cea494e32f06330d0512602b5ec3a6df6252e11,0,,1,987e857f638bff63f11905d06466e198a9765f65,1,6cea494e32f06330d0512602b5ec3a6df6252e11,0.00%
2016,CVE-2016-6671,6aa39080ccea2b60433e920417844c3a3c0da50b,1,8e062fd16988ee046688d932df9b69aec9573285,2,"3a763f0f0b8e18ed3999400e063ca425333c77fe,406792e7b0f15627411728829c7a2de86fcbe96b",0,,1,8e062fd16988ee046688d932df9b69aec9573285,2,"3a763f0f0b8e18ed3999400e063ca425333c77fe,406792e7b0f15627411728829c7a2de86fcbe96b",0.00%
2016,CVE-2016-6881,a453bbb68f3eec202673728988bba3bc76071761,1,588eaa106d8dd0ebce9d2e903aa0a1bbe022c988,2,"3b35f4ab51b8b720491ff5c9b4e86e2de8ebce07,376aefddadec365f6663066b4e45d62c4ec21ae9",0,,1,588eaa106d8dd0ebce9d2e903aa0a1bbe022c988,2,"3b35f4ab51b8b720491ff5c9b4e86e2de8ebce07,376aefddadec365f6663066b4e45d62c4ec21ae9",0.00%
2016,CVE-2016-6920,01aee8148d4fa439cce678a11f5110656c98de1f,1,25a01c52b889d64e77fb3f8f7e519d183d7635b8,1,b7ce3242f8000ad497a17c3288a59aa508cef31c,0,,1,25a01c52b889d64e77fb3f8f7e519d183d7635b8,1,b7ce3242f8000ad497a17c3288a59aa508cef31c,0.00%
2016,CVE-2016-7122,e4e4a9cad7f21593d4bcb1f2404ea0d373c36c43,1,384c9c2fa79f2f09ed4a5aa4c14ba3ffc6bdc790,2,"de6d9b6404bfd1c589799142da5a95428f146edd,7fbde3431a9e4ce5d14d608a615e45409fad6234",0,,1,384c9c2fa79f2f09ed4a5aa4c14ba3ffc6bdc790,2,"de6d9b6404bfd1c589799142da5a95428f146edd,7fbde3431a9e4ce5d14d608a615e45409fad6234",0.00%
2016,CVE-2016-7450,a5af1240fce845f645440364c1335e0f8e44ee6c,1,73ff4f83446ab908b7cc19b5bba5e4197f605361,1,e5966052ee7e07c30a078f31141e3e068847fc7a,0,,1,73ff4f83446ab908b7cc19b5bba5e4197f605361,1,e5966052ee7e07c30a078f31141e3e068847fc7a,0.00%
2016,CVE-2016-7502,0e318f110bcd6bb8e7de9127f2747272e60f48d7,1,05e7e64d1ad9c0e5f4d2d9fbf11ab952960b9aef,2,"b78e7197a81e193827cf2408fe25bc1f14843a72,0abc2e73f864d190e5c9b5841f3bccf64f8cee0e",0,,1,05e7e64d1ad9c0e5f4d2d9fbf11ab952960b9aef,2,"0abc2e73f864d190e5c9b5841f3bccf64f8cee0e,b78e7197a81e193827cf2408fe25bc1f14843a72",0.00%
2016,CVE-2016-7555,b98dafe04564d5fe3e5bf5073d871dd93a4a62de,3,"82d79289db03ddc85ea6d5c81a5151e1ad64b2b5,9200514ad8717c63f82101dc394f4378854325bf,ddaae6a9d1ea69b55b842b65e5c664b1e6d15e13",0,,0,,3,"82d79289db03ddc85ea6d5c81a5151e1ad64b2b5,9200514ad8717c63f82101dc394f4378854325bf,ddaae6a9d1ea69b55b842b65e5c664b1e6d15e13",0,,
2016,CVE-2016-7562,69449da436169e7facaa6d1f3bcbc41cf6ce2754,1,994ab1804b8bf532f44876927b07b51f1f63247f,0,,0,,1,994ab1804b8bf532f44876927b07b51f1f63247f,0,,
2016,CVE-2016-7785,14bac7e00d72eac687612d9b125e585011a56d4f,1,571ab8344a9a2864d22d01af41283cee9328b927,1,de6d9b6404bfd1c589799142da5a95428f146edd,0,,1,571ab8344a9a2864d22d01af41283cee9328b927,1,de6d9b6404bfd1c589799142da5a95428f146edd,0.00%
2016,CVE-2016-7905,2679ad4773aa356e7c3da5c68bc81f02a194617f,6,"4641ae352ec587355764ffd5c43dd0d0ebd47654,3c90cc2ef21a928a7c11cf5a4583169025cdf847,b76234c00c7cac154dac50f4993e4372e47e3718,9200514ad8717c63f82101dc394f4378854325bf,603b8bc2a109978c8499b06d2556f1433306eca7,37287d41f487ff84ac1ef768481841f3f416077f",0,,0,,6,"603b8bc2a109978c8499b06d2556f1433306eca7,37287d41f487ff84ac1ef768481841f3f416077f,9200514ad8717c63f82101dc394f4378854325bf,3c90cc2ef21a928a7c11cf5a4583169025cdf847,4641ae352ec587355764ffd5c43dd0d0ebd47654,b76234c00c7cac154dac50f4993e4372e47e3718",0,,
2016,CVE-2016-8595,987690799dd86433bf98b897aaa4c8d93ade646d,1,9200514ad8717c63f82101dc394f4378854325bf,4,"19720f15fd30a0f81c56989e1faf4ff6058793f3,a85736f21dce18b888982e276454b912006ccca1,de6d9b6404bfd1c589799142da5a95428f146edd,b78e7197a81e193827cf2408fe25bc1f14843a72",0,,1,9200514ad8717c63f82101dc394f4378854325bf,4,"19720f15fd30a0f81c56989e1faf4ff6058793f3,a85736f21dce18b888982e276454b912006ccca1,de6d9b6404bfd1c589799142da5a95428f146edd,b78e7197a81e193827cf2408fe25bc1f14843a72",0.00%
2017,CVE-2017-1000460,641dccc2aa5e0bf6b3c06998f9a7f24a5cf725e7,1,ca2f19b9cc37be509d85f05c8f902860475905f8,1,0da71265d84b587c7159cd82708ca60ad050dd4c,0,,1,ca2f19b9cc37be509d85f05c8f902860475905f8,1,0da71265d84b587c7159cd82708ca60ad050dd4c,0.00%
2017,CVE-2017-11399,ba4beaf6149f7241c8bd85fe853318c2f6837ad0,2,"9a33264478796fd790a3bdc182fb1dda65d0a9de,1d3c672d27d3beece88485e28f2286ec2df62e6e",1,bf4a1f17ee9237b6efd4250cf894e274afc31a5f,0,,2,"9a33264478796fd790a3bdc182fb1dda65d0a9de,1d3c672d27d3beece88485e28f2286ec2df62e6e",1,bf4a1f17ee9237b6efd4250cf894e274afc31a5f,0.00%
2017,CVE-2017-11665,08c073434e25cba8c43aae5ed9554fdd594adfb0,1,9fd6b8436008100699537c76e28c21a01e58cf4c,2,"de421b208578386bfb4416c67c9922877e670049,9fd6b8436008100699537c76e28c21a01e58cf4c",1,9fd6b8436008100699537c76e28c21a01e58cf4c,0,,1,de421b208578386bfb4416c67c9922877e670049,100.00%
2017,CVE-2017-11665,ffcc82219cef0928bed2d558b19ef6ea35634130,1,9fd6b8436008100699537c76e28c21a01e58cf4c,2,"de421b208578386bfb4416c67c9922877e670049,9fd6b8436008100699537c76e28c21a01e58cf4c",1,9fd6b8436008100699537c76e28c21a01e58cf4c,0,,1,de421b208578386bfb4416c67c9922877e670049,100.00%
2017,CVE-2017-11719,296debd213bd6dce7647cedd34eb64e5b94cdc92,1,6f1ccca4ae3b93b6a2a820a7a0e72081ab35767c,1,52b6bad21992e71dd92e3a91522acf1525a76307,0,,1,6f1ccca4ae3b93b6a2a820a7a0e72081ab35767c,1,52b6bad21992e71dd92e3a91522acf1525a76307,0.00%
2017,CVE-2017-14054,124eb202e70678539544f6268efc98131f19fa49,1,35bbc1955a58ba74552c50d9161084644f00bbd3,1,de6d9b6404bfd1c589799142da5a95428f146edd,0,,1,35bbc1955a58ba74552c50d9161084644f00bbd3,1,de6d9b6404bfd1c589799142da5a95428f146edd,0.00%
2017,CVE-2017-14055,4f05e2e2dc1a89f38cd9f0960a6561083d714f1e,1,6fb40779cd3457a819e20d6db91a142c47cad3c2,0,,0,,1,6fb40779cd3457a819e20d6db91a142c47cad3c2,0,,
2017,CVE-2017-14056,96f24d1bee7fe7bac08e2b7c74db1a046c9dc0de,1,cb96da490265a0a798324ccce1c87dca9acbf6e9,1,cb96da490265a0a798324ccce1c87dca9acbf6e9,1,cb96da490265a0a798324ccce1c87dca9acbf6e9,0,,0,,100.00%
2017,CVE-2017-14057,7f9ec5593e04827249e7aeb466da06a98a0d7329,1,e5d4a95334341b5e627df5aa10f07298957071b4,2,"de6d9b6404bfd1c589799142da5a95428f146edd,7fbde3431a9e4ce5d14d608a615e45409fad6234",0,,1,e5d4a95334341b5e627df5aa10f07298957071b4,2,"de6d9b6404bfd1c589799142da5a95428f146edd,7fbde3431a9e4ce5d14d608a615e45409fad6234",0.00%
2017,CVE-2017-14058,7ec414892ddcad88313848494b6fc5f437c9ca4a,3,"efaa4a8dbf7f4aaf27fabe38037dad6283ac1ed1,189ff4219644532bdfa7bab28dfedaee4d6d4021,2bd02e2f0ed44e32ae8c501c03fdd953f8951403",0,,0,,3,"efaa4a8dbf7f4aaf27fabe38037dad6283ac1ed1,189ff4219644532bdfa7bab28dfedaee4d6d4021,2bd02e2f0ed44e32ae8c501c03fdd953f8951403",0,,
2017,CVE-2017-14059,7e80b63ecd259d69d383623e75b318bf2bd491f6,1,40f88796c69ae453e5fc4b8cd6432fa0ca85b923,1,40f88796c69ae453e5fc4b8cd6432fa0ca85b923,1,40f88796c69ae453e5fc4b8cd6432fa0ca85b923,0,,0,,100.00%
2017,CVE-2017-14169,9d00fb9d70ee8c0cc7002b89318c5be00f1bbdad,1,daa290580dade36a69544a191e6983e920885c16,1,d09ea6baaf1a2ea29df60d70c34d5387266f58f4,0,,1,daa290580dade36a69544a191e6983e920885c16,1,d09ea6baaf1a2ea29df60d70c34d5387266f58f4,0.00%
2017,CVE-2017-14170,900f39692ca0337a98a7cf047e4e2611071810c2,1,7ddb0607f31850ea4d4e87252c8835de63cc6845,0,,0,,1,7ddb0607f31850ea4d4e87252c8835de63cc6845,0,,
2017,CVE-2017-14171,c24bcb553650b91e9eff15ef6e54ca73de2453b7,1,4fabb60ddbd71f3c40a3607eeabf0fdba449fd18,1,27d5f18f663a240a0a1d1833ea6eefa3463cf323,0,,1,4fabb60ddbd71f3c40a3607eeabf0fdba449fd18,1,27d5f18f663a240a0a1d1833ea6eefa3463cf323,0.00%
2017,CVE-2017-14222,9cb4eb772839c5e1de2855d126bf74ff16d13382,1,a59808dd57f81d1cfaa76e2624a66825e63324ea,0,,0,,1,a59808dd57f81d1cfaa76e2624a66825e63324ea,0,,
2017,CVE-2017-14223,afc9c683ed9db01edb357bc8c19edad4282b3a97,1,48a4ffa722c0874b251de9d201babed52cef0bcb,0,,0,,1,48a4ffa722c0874b251de9d201babed52cef0bcb,0,,
2017,CVE-2017-14225,837cb4325b712ff1aab531bf41668933f61d75d2,1,d24a82d2e2b73ad363b3f8d24b64cbfae65e4459,1,336ce917e6e6adb10ee44945684c67cdea65e228,0,,1,d24a82d2e2b73ad363b3f8d24b64cbfae65e4459,1,336ce917e6e6adb10ee44945684c67cdea65e228,0.00%
2017,CVE-2017-14767,c42a1388a6d1bfd8001bf6a4241d8ca27e49326d,1,1c7e2cf9d33968375ee4025d2279c937e147dae2,1,1d1be919ce04327dee6169d3e0382fb680157665,0,,1,1c7e2cf9d33968375ee4025d2279c937e147dae2,1,1d1be919ce04327dee6169d3e0382fb680157665,0.00%
2017,CVE-2017-15186,df62b70de8aaa285168e72fe8f6e740843ca91fa,1,cf9ef839606dd50f779c395d8a277de143f7e5b2,1,cf9ef839606dd50f779c395d8a277de143f7e5b2,1,cf9ef839606dd50f779c395d8a277de143f7e5b2,0,,0,,100.00%
2017,CVE-2017-16803,b829da363985cb2f80130bba304cc29a632f6446,1,348efc18364a9daca569ed77e184b843d9bc5f11,0,,0,,1,348efc18364a9daca569ed77e184b843d9bc5f11,0,,
2017,CVE-2017-16840,3228ac730c11eca49d5680d5550128e397061c85,2,"bbcd5e99c303726e2bb8716d20580b0994430e79,ec9e87c922adeffbf4c351d625a4c2e1c430eb19",1,ec9e87c922adeffbf4c351d625a4c2e1c430eb19,1,ec9e87c922adeffbf4c351d625a4c2e1c430eb19,1,bbcd5e99c303726e2bb8716d20580b0994430e79,0,,50.00%
2017,CVE-2017-17081,58cf31cee7a456057f337b3102a03206d833d5e8,1,d7463c681363d6057601e705d0bf775738529841,2,"d7463c681363d6057601e705d0bf775738529841,fab9df63a3156ffe1f9490aafaea41e03ef60ddf",1,d7463c681363d6057601e705d0bf775738529841,0,,1,fab9df63a3156ffe1f9490aafaea41e03ef60ddf,100.00%
2017,CVE-2017-17081,127a362630e11fe724e2e63fc871791fdcbcfa64,1,8b5007a31b8d1ddbe3661bf45a732336450b7d25,0,,0,,1,8b5007a31b8d1ddbe3661bf45a732336450b7d25,0,,
2017,CVE-2017-5024,2d453188c2303da641dafb048dc1806790526dfd,1,70b922f371e27440a51ee1e9cc1c7db0e042ebd1,1,6cea494e32f06330d0512602b5ec3a6df6252e11,0,,1,70b922f371e27440a51ee1e9cc1c7db0e042ebd1,1,6cea494e32f06330d0512602b5ec3a6df6252e11,0.00%
2017,CVE-2017-5025,fd30e4d57fe5841385f845440688505b88c0f4a9,1,b76bc010343b0cff8717cc7ee81e47273272336c,0,,0,,1,b76bc010343b0cff8717cc7ee81e47273272336c,0,,
2017,CVE-2017-7862,8c2ea3030af7b40a3c4275696fb5c76cdb80950a,1,8088d6f5f11b9f9188555f4642c940ddc92271a6,1,a526d6197a539852bcdcf737b2faaa9123e992de,0,,1,8088d6f5f11b9f9188555f4642c940ddc92271a6,1,a526d6197a539852bcdcf737b2faaa9123e992de,0.00%
2017,CVE-2017-7866,e371f031b942d73e02c090170975561fabd5c264,1,805b57001f80237e24dc2d225c1b9e116566d247,2,"406792e7b0f15627411728829c7a2de86fcbe96b,b958a7f1114a49b0a0e36479ba96c83c4fe4c3b3",0,,1,805b57001f80237e24dc2d225c1b9e116566d247,2,"406792e7b0f15627411728829c7a2de86fcbe96b,b958a7f1114a49b0a0e36479ba96c83c4fe4c3b3",0.00%
2017,CVE-2017-9608,611b35627488a8d0763e75c25ee0875c5b7987dd,1,e1940d2458353943e2fab6bdb87d2278077e22a5,1,da396bf84e53ee5bd46c69df6511cd5cbfb73e7a,0,,1,e1940d2458353943e2fab6bdb87d2278077e22a5,1,da396bf84e53ee5bd46c69df6511cd5cbfb73e7a,0.00%
2017,CVE-2017-9990,cb243972b121b1ae6b60a78ff55a0506c69f3879,1,5dab7b91adf65eb35d4ae0e76fbd988d55b0d764,1,5dab7b91adf65eb35d4ae0e76fbd988d55b0d764,1,5dab7b91adf65eb35d4ae0e76fbd988d55b0d764,0,,0,,100.00%
2017,CVE-2017-9991,441026fcb13ac23aa10edc312bdacb6445a0ad06,1,b9c94e826e7551027754ecfa60e3e487e0c28fcb,1,27ed027bcdcb7445ab62d4870a8be3615ffc1e31,0,,1,b9c94e826e7551027754ecfa60e3e487e0c28fcb,1,27ed027bcdcb7445ab62d4870a8be3615ffc1e31,0.00%
2017,CVE-2017-9992,f52fbf4f3ed02a7d872d8a102006f29b4421f360,1,d05f72c75445969cd7bdb1d860635c9880c67fb6,1,42315dabce376fd7085e2a1bbab4d230d3d2ccd8,0,,1,d05f72c75445969cd7bdb1d860635c9880c67fb6,1,42315dabce376fd7085e2a1bbab4d230d3d2ccd8,0.00%
2017,CVE-2017-9993,189ff4219644532bdfa7bab28dfedaee4d6d4021,1,bcf44c91c30940822bd8bcd612c2a5ab0a3440f2,1,cd223e0b4e1371d12d6cbb36bb66afdc40fd6281,0,,1,bcf44c91c30940822bd8bcd612c2a5ab0a3440f2,1,cd223e0b4e1371d12d6cbb36bb66afdc40fd6281,0.00%
2017,CVE-2017-9993,a5d849b149ca67ced2d271dc84db0bc95a548abb,1,603b8bc2a109978c8499b06d2556f1433306eca7,0,,0,,1,603b8bc2a109978c8499b06d2556f1433306eca7,0,,
2017,CVE-2017-9994,6b5d3fb26fb4be48e4966e4b1d97c2165538d4ef,2,"c4bfa098072ba338d83555d6e2199f7e1e64ffff,ac4b32df71bd932838043a4838b86d11e169707f",1,c4bfa098072ba338d83555d6e2199f7e1e64ffff,1,c4bfa098072ba338d83555d6e2199f7e1e64ffff,1,ac4b32df71bd932838043a4838b86d11e169707f,0,,50.00%
2017,CVE-2017-9995,7ac5067146613997bb38442cb022d7f41321a706,1,039011b6b0c2bf8e7a5cfa46f7428db1c5b246ac,0,,0,,1,039011b6b0c2bf8e7a5cfa46f7428db1c5b246ac,0,,
2017,CVE-2017-9995,2171dfae8c065878a2e130390eb78cf2947a5b69,2,"039011b6b0c2bf8e7a5cfa46f7428db1c5b246ac,86ab6b6e08e2982fb5785e0691c0a7e289339ffb",0,,0,,2,"039011b6b0c2bf8e7a5cfa46f7428db1c5b246ac,86ab6b6e08e2982fb5785e0691c0a7e289339ffb",0,,
2017,CVE-2017-9996,e1b60aad77c27ed5d4dfc11e5e6a05a38c70489d,1,126daeb5507425d5e9906731d70015d79045d131,1,dc4e57489fa0f9cf4faf4c85cc405d6db77d84db,0,,1,126daeb5507425d5e9906731d70015d79045d131,1,dc4e57489fa0f9cf4faf4c85cc405d6db77d84db,0.00%
2017,CVE-2017-9996,1e42736b95065c69a7481d0cf55247024f54b660,1,dc4e57489fa0f9cf4faf4c85cc405d6db77d84db,1,dc4e57489fa0f9cf4faf4c85cc405d6db77d84db,1,dc4e57489fa0f9cf4faf4c85cc405d6db77d84db,0,,0,,100.00%
2018,CVE-2018-10001,47b7c68ae54560e2308bdb6be4fb076c73b93081,1,84efdabc94251f1f6f483eb737e95d53376ae921,1,0d8506b8c52659c5bfff9535391d5e95ddcd45f1,0,,1,84efdabc94251f1f6f483eb737e95d53376ae921,1,0d8506b8c52659c5bfff9535391d5e95ddcd45f1,0.00%
2018,CVE-2018-12458,e1182fac1afba92a4975917823a5f644bee7e6e8,1,ca334dd14b957c4af7fcab5e97b6ed675c97caad,1,ca334dd14b957c4af7fcab5e97b6ed675c97caad,1,ca334dd14b957c4af7fcab5e97b6ed675c97caad,0,,0,,100.00%
2018,CVE-2018-12459,2fc108f60f98cd00813418a8754a46476b404a3c,1,ca334dd14b957c4af7fcab5e97b6ed675c97caad,0,,0,,1,ca334dd14b957c4af7fcab5e97b6ed675c97caad,0,,
2018,CVE-2018-12460,b3332a182f8ba33a34542e4a0370f38b914ccf7d,3,"998c9f15d1ca8c7489775ebcca51623b915988f1,e3fcb14347466095839c2a3c47ebecff02da891e,f9d3841ae6147eaa51c57c574cd81e9ce9566e3a",1,e3fcb14347466095839c2a3c47ebecff02da891e,1,e3fcb14347466095839c2a3c47ebecff02da891e,2,"998c9f15d1ca8c7489775ebcca51623b915988f1,f9d3841ae6147eaa51c57c574cd81e9ce9566e3a",0,,33.33%
2018,CVE-2018-13300,95556e27e2c1d56d9e18f5db34d6f756f3011148,1,6f69f7a8bf6a0d013985578df2ef42ee6b1c7994,1,1cb5f7fd4146193b896efe885d9c10eacfc4d326,0,,1,6f69f7a8bf6a0d013985578df2ef42ee6b1c7994,1,1cb5f7fd4146193b896efe885d9c10eacfc4d326,0.00%
2018,CVE-2018-13301,2aa9047486dbff12d9e040f917e5f799ed2fd78b,1,f9d3841ae6147eaa51c57c574cd81e9ce9566e3a,2,"ca334dd14b957c4af7fcab5e97b6ed675c97caad,41ed7ab45fc693f7d7fc35664c0233f4c32d69bb",0,,1,f9d3841ae6147eaa51c57c574cd81e9ce9566e3a,2,"ca334dd14b957c4af7fcab5e97b6ed675c97caad,41ed7ab45fc693f7d7fc35664c0233f4c32d69bb",0.00%
2018,CVE-2018-13302,ed22dc22216f74c75ee7901f82649e1ff725ba50,1,5e6fd132ff5611b8af2d3c7506f0328858fc3de1,0,,0,,1,5e6fd132ff5611b8af2d3c7506f0328858fc3de1,0,,
2018,CVE-2018-13303,00e8181bd97c834fe60751b0c511d4bb97875f78,1,e0250cf3651e6417e0117486a7816b45fb2d34cd,1,99ff31dc750e8ac562b529c3ec374cfbb3e66157,0,,1,e0250cf3651e6417e0117486a7816b45fb2d34cd,1,99ff31dc750e8ac562b529c3ec374cfbb3e66157,0.00%
2018,CVE-2018-13304,bd27a9364ca274ca97f1df6d984e88a0700fb235,2,"2aa9047486dbff12d9e040f917e5f799ed2fd78b,f9d3841ae6147eaa51c57c574cd81e9ce9566e3a",4,"4d2858deac5213eaddfdc06f98379b6325d7b953,ca334dd14b957c4af7fcab5e97b6ed675c97caad,de6d9b6404bfd1c589799142da5a95428f146edd,983e3246b7528e6ffc0cc347d54b86e161140fe6",0,,2,"2aa9047486dbff12d9e040f917e5f799ed2fd78b,f9d3841ae6147eaa51c57c574cd81e9ce9566e3a",4,"4d2858deac5213eaddfdc06f98379b6325d7b953,ca334dd14b957c4af7fcab5e97b6ed675c97caad,de6d9b6404bfd1c589799142da5a95428f146edd,983e3246b7528e6ffc0cc347d54b86e161140fe6",0.00%
2018,CVE-2018-13305,d08d4a8c7387e758d439b0592782e4cfa2b4d6a4,1,04d14c9b68b03e8dbc6e3003c1ee06892dd32576,1,04d14c9b68b03e8dbc6e3003c1ee06892dd32576,1,04d14c9b68b03e8dbc6e3003c1ee06892dd32576,0,,0,,100.00%
2018,CVE-2018-14394,3a2d21bc5f97aa0161db3ae731fc2732be6108b8,6,"3664703780a3d882937c131e4104f8d21e71b738,e45ccf79be6f157a190c5c9c58e246b5b03c3510,5cb49ca11bca4bedb71ee0204e8115fa970d6dbb,6f69f7a8bf6a0d013985578df2ef42ee6b1c7994,b7d3dd907f51c1b86c5aad7e2ec4870da53e095e,5616f85deb729d181e2a923b2c74371fae6e8398",0,,0,,6,"b7d3dd907f51c1b86c5aad7e2ec4870da53e095e,3664703780a3d882937c131e4104f8d21e71b738,e45ccf79be6f157a190c5c9c58e246b5b03c3510,5616f85deb729d181e2a923b2c74371fae6e8398,5cb49ca11bca4bedb71ee0204e8115fa970d6dbb,6f69f7a8bf6a0d013985578df2ef42ee6b1c7994",0,,
2018,CVE-2018-14395,fa19fbcf712a6a6cc5a5cfdc3254a97b9bce6582,1,89ddff92a3853d5506287ee77cd091d20e320fb6,1,1cb5f7fd4146193b896efe885d9c10eacfc4d326,0,,1,89ddff92a3853d5506287ee77cd091d20e320fb6,1,1cb5f7fd4146193b896efe885d9c10eacfc4d326,0.00%
2018,CVE-2018-15822,6b67d7f05918f7a1ee8fc6ff21355d7e8736aa10,6,"863ebe6f83de6e884a4b1870231678c9259f3c90,9200514ad8717c63f82101dc394f4378854325bf,f683dbdc6a19c4d10e3d8cc7364ff034af53da70,6f69f7a8bf6a0d013985578df2ef42ee6b1c7994,068f2a22db94f9a87a9c5222fc02ea8624bd9e4d,1bd6b0c9271846529912f64ae85f6942fd39e212",0,,0,,6,"068f2a22db94f9a87a9c5222fc02ea8624bd9e4d,863ebe6f83de6e884a4b1870231678c9259f3c90,9200514ad8717c63f82101dc394f4378854325bf,1bd6b0c9271846529912f64ae85f6942fd39e212,f683dbdc6a19c4d10e3d8cc7364ff034af53da70,6f69f7a8bf6a0d013985578df2ef42ee6b1c7994",0,,
2018,CVE-2018-1999010,cced03dd667a5df6df8fd40d8de0bff477ee02e8,1,6ef14e5753e8d096c9f58ecc45ccdb6ad1d3e436,2,"6ef14e5753e8d096c9f58ecc45ccdb6ad1d3e436,1716b4c7b888a00380b36d3a49f725e6a243ed18",1,6ef14e5753e8d096c9f58ecc45ccdb6ad1d3e436,0,,1,1716b4c7b888a00380b36d3a49f725e6a243ed18,100.00%
2018,CVE-2018-1999011,2b46ebdbff1d8dec7a3d8ea280a612b91a582869,1,0539d84d985e811e5989ef27c13f7e2dda0f9b89,1,30b8f3e7dcd0318b91e205dcbf774ef92fb6193c,0,,1,0539d84d985e811e5989ef27c13f7e2dda0f9b89,1,30b8f3e7dcd0318b91e205dcbf774ef92fb6193c,0.00%
2018,CVE-2018-1999012,9807d3976be0e92e4ece3b4b1701be894cd7c2e1,2,"b7effd4e8338f6ed5bda630ad7ed0809bf458648,5ec3c7b7c1189dca0ba29edbd33b5dbe68313382",0,,0,,2,"b7effd4e8338f6ed5bda630ad7ed0809bf458648,5ec3c7b7c1189dca0ba29edbd33b5dbe68313382",0,,
2018,CVE-2018-1999013,a7e032a277452366771951e29fd0bf2bd5c029f0,1,35bbc1955a58ba74552c50d9161084644f00bbd3,1,de6d9b6404bfd1c589799142da5a95428f146edd,0,,1,35bbc1955a58ba74552c50d9161084644f00bbd3,1,de6d9b6404bfd1c589799142da5a95428f146edd,0.00%
2018,CVE-2018-1999014,bab0716c7f4793ec42e05a5aa7e80d82a0dd4e75,1,9492bb58eeea474158f9c523fd77395629117b57,1,d09ea6baaf1a2ea29df60d70c34d5387266f58f4,0,,1,9492bb58eeea474158f9c523fd77395629117b57,1,d09ea6baaf1a2ea29df60d70c34d5387266f58f4,0.00%
2018,CVE-2018-1999015,5aba5b89d0b1d73164d3b81764828bb8b20ff32a,1,f9d3841ae6147eaa51c57c574cd81e9ce9566e3a,1,ca334dd14b957c4af7fcab5e97b6ed675c97caad,0,,1,f9d3841ae6147eaa51c57c574cd81e9ce9566e3a,1,ca334dd14b957c4af7fcab5e97b6ed675c97caad,0.00%
2018,CVE-2018-6392,3f621455d62e46745453568d915badd5b1e5bcd5,1,c6939f65a116b1ffed345d29d8621ee4ffb32235,1,43945b2766befcb4b2a5eb9b57fd9c25d9f4c849,0,,1,c6939f65a116b1ffed345d29d8621ee4ffb32235,1,43945b2766befcb4b2a5eb9b57fd9c25d9f4c849,0.00%
2018,CVE-2018-6621,118e1b0b3370dd1c0da442901b486689efd1654b,1,3ecc59bc35412d0cc2299668dd1f79fff090eb3f,1,0d8506b8c52659c5bfff9535391d5e95ddcd45f1,0,,1,3ecc59bc35412d0cc2299668dd1f79fff090eb3f,1,0d8506b8c52659c5bfff9535391d5e95ddcd45f1,0.00%
2018,CVE-2018-6912,76cc0f0f673353cd4746cd3b83838ae335e5d9ed,1,92b32664cdc064523c60ddba5ed139855e08470c,1,0d8506b8c52659c5bfff9535391d5e95ddcd45f1,0,,1,92b32664cdc064523c60ddba5ed139855e08470c,1,0d8506b8c52659c5bfff9535391d5e95ddcd45f1,0.00%
2018,CVE-2018-7557,7414d0bda7763f9bd69c26c068e482ab297c1c96,1,0d8506b8c52659c5bfff9535391d5e95ddcd45f1,0,,0,,1,0d8506b8c52659c5bfff9535391d5e95ddcd45f1,0,,
2018,CVE-2018-7751,a6cba062051f345e8ebfdff34aba071ed73d923f,1,a20f64bee235042f6e35c8e7ae65ccfddbf7343b,1,15b4b505c2700ea1ba88cedccc183b854c546e02,0,,1,a20f64bee235042f6e35c8e7ae65ccfddbf7343b,1,15b4b505c2700ea1ba88cedccc183b854c546e02,0.00%
2018,CVE-2018-9841,35eeff30caf34df835206f1c12bcf4b7c2bd6758,1,5e3a418b6047acd848698c4bb4bf0c1b73526744,1,5e3a418b6047acd848698c4bb4bf0c1b73526744,1,5e3a418b6047acd848698c4bb4bf0c1b73526744,0,,0,,100.00%
2019,CVE-2019-1000016,b97a4b658814b2de8b9f2a3bce491c002d34de31,1,c8c81ac5026c20ce60860dc9aa905e5e1634bed1,1,c8c81ac5026c20ce60860dc9aa905e5e1634bed1,1,c8c81ac5026c20ce60860dc9aa905e5e1634bed1,0,,0,,100.00%
2019,CVE-2019-11338,54655623a82632e7624714d7b2a3e039dc5faa7e,1,c8dd048ab8cff815c9f4b16a62db0b74df011f0a,1,c8dd048ab8cff815c9f4b16a62db0b74df011f0a,1,c8dd048ab8cff815c9f4b16a62db0b74df011f0a,0,,0,,100.00%
2019,CVE-2019-11339,d227ed5d598340e719eff7156b1aa0a4469e9a6a,1,f9d3841ae6147eaa51c57c574cd81e9ce9566e3a,0,,0,,1,f9d3841ae6147eaa51c57c574cd81e9ce9566e3a,0,,
2019,CVE-2019-11339,1f686d023b95219db933394a7704ad9aa5f01cbb,1,f9d3841ae6147eaa51c57c574cd81e9ce9566e3a,0,,0,,1,f9d3841ae6147eaa51c57c574cd81e9ce9566e3a,0,,
2019,CVE-2019-12730,ed188f6dcdf0935c939ed813cf8745d50742014b,1,e32a99264be6ce0d3ec060fdb8b56463b2f0b8cd,1,e32a99264be6ce0d3ec060fdb8b56463b2f0b8cd,1,e32a99264be6ce0d3ec060fdb8b56463b2f0b8cd,0,,0,,100.00%
2019,CVE-2019-9718,1f00c97bc3475c477f3c468cf2d924d5761d0982,1,f0f8da545d80665ae54d51df61e8f6903c85390a,1,50332f8a6bc303b6147fe34a481a2c0b80ac12be,0,,1,f0f8da545d80665ae54d51df61e8f6903c85390a,1,50332f8a6bc303b6147fe34a481a2c0b80ac12be,0.00%
2019,CVE-2019-9721,894995c41e0795c7a44f81adc4838dedc3932e65,1,50332f8a6bc303b6147fe34a481a2c0b80ac12be,1,50332f8a6bc303b6147fe34a481a2c0b80ac12be,1,50332f8a6bc303b6147fe34a481a2c0b80ac12be,0,,0,,100.00%